hole_1,hole_2,hole_3,hole_4,hole_5,hole_6,hole_7,hole_8,hole_9,hole_10,hole_11,hole_12,hole_13,hole_14,hole_15,hole_16,hole_17,hole_18,title,url
4.0,3.0,6.0,5.0,3.0,4.0,2.0,4.0,5.0,2.0,3.0,3.0,3.0,4.0,6.0,4.0,3.0,5.0,Amateur Qualifier (The Oaks GC) - Steven Sanicki Scorecard | WSGA,https://wsga.bluegolf.com/bluegolf/wsga18/event/wsga186/contest/1/contestant/2358/scorecard.htm
4.0,3.0,5.0,5.0,3.0,4.0,3.0,5.0,6.0,3.0,4.0,4.0,3.0,5.0,4.0,4.0,2.0,4.0,Amateur Qualifier (The Oaks GC) - Adam Fazio Scorecard | WSGA,https://wsga.bluegolf.com/bluegolf/wsga18/event/wsga186/contest/1/contestant/2355/scorecard.htm
3.0,3.0,4.0,5.0,3.0,4.0,3.0,4.0,4.0,3.0,4.0,4.0,4.0,4.0,5.0,5.0,3.0,6.0,Amateur Qualifier (The Oaks GC) - Marc Shanks Scorecard | WSGA,https://wsga.bluegolf.com/bluegolf/wsga18/event/wsga186/contest/1/contestant/2280/scorecard.htm
4.0,2.0,5.0,5.0,3.0,4.0,4.0,4.0,5.0,4.0,4.0,3.0,3.0,4.0,4.0,4.0,5.0,5.0,Amateur Qualifier (The Oaks GC) - Ethan Carrick Scorecard | WSGA,https://wsga.bluegolf.com/bluegolf/wsga18/event/wsga186/contest/1/contestant/2376/scorecard.htm
4.0,3.0,5.0,6.0,3.0,5.0,3.0,4.0,4.0,3.0,5.0,4.0,3.0,4.0,4.0,4.0,4.0,5.0,Amateur Qualifier (The Oaks GC) - Johnny Decker Scorecard | WSGA,https://wsga.bluegolf.com/bluegolf/wsga18/event/wsga186/contest/1/contestant/2179/scorecard.htm
3.0,4.0,4.0,5.0,3.0,5.0,4.0,3.0,5.0,3.0,4.0,4.0,5.0,4.0,5.0,4.0,3.0,5.0,Amateur Qualifier (The Oaks GC) - Tom Schoewe Scorecard | WSGA,https://wsga.bluegolf.com/bluegolf/wsga18/event/wsga186/contest/1/contestant/2170/scorecard.htm
4.0,4.0,4.0,5.0,3.0,4.0,3.0,5.0,5.0,3.0,4.0,4.0,3.0,4.0,5.0,4.0,3.0,6.0,Amateur Qualifier (The Oaks GC) - Jed Baranczyk Scorecard | WSGA,https://wsga.bluegolf.com/bluegolf/wsga18/event/wsga186/contest/1/contestant/2268/scorecard.htm
4.0,3.0,5.0,4.0,4.0,5.0,2.0,5.0,7.0,3.0,3.0,4.0,4.0,4.0,4.0,4.0,3.0,5.0,Amateur Qualifier (The Oaks GC) - Austin Kendziorski Scorecard | WSGA,https://wsga.bluegolf.com/bluegolf/wsga18/event/wsga186/contest/1/contestant/2449/scorecard.htm
4.0,4.0,5.0,5.0,3.0,7.0,4.0,4.0,4.0,3.0,4.0,4.0,3.0,3.0,4.0,4.0,3.0,6.0,Amateur Qualifier (The Oaks GC) - Adam Miller Scorecard | WSGA,https://wsga.bluegolf.com/bluegolf/wsga18/event/wsga186/contest/1/contestant/2391/scorecard.htm
4.0,3.0,5.0,5.0,3.0,4.0,3.0,3.0,5.0,3.0,6.0,5.0,3.0,5.0,4.0,4.0,3.0,6.0,Amateur Qualifier (The Oaks GC) - James Gilmore Scorecard | WSGA,https://wsga.bluegolf.com/bluegolf/wsga18/event/wsga186/contest/1/contestant/2422/scorecard.htm
5.0,3.0,4.0,5.0,3.0,4.0,3.0,4.0,4.0,3.0,5.0,4.0,4.0,4.0,5.0,5.0,3.0,6.0,Amateur Qualifier (The Oaks GC) - Jakob Schroeckenthaler Scorecard | WSGA,https://wsga.bluegolf.com/bluegolf/wsga18/event/wsga186/contest/1/contestant/2315/scorecard.htm
4.0,4.0,5.0,5.0,4.0,4.0,3.0,4.0,4.0,3.0,4.0,4.0,5.0,3.0,5.0,5.0,3.0,5.0,Amateur Qualifier (The Oaks GC) - Garrett Gosh Scorecard | WSGA,https://wsga.bluegolf.com/bluegolf/wsga18/event/wsga186/contest/1/contestant/2277/scorecard.htm
4.0,4.0,5.0,6.0,3.0,3.0,3.0,4.0,4.0,3.0,5.0,6.0,3.0,4.0,5.0,3.0,4.0,5.0,Amateur Qualifier (The Oaks GC) - Danny Sanicki Scorecard | WSGA,https://wsga.bluegolf.com/bluegolf/wsga18/event/wsga186/contest/1/contestant/2360/scorecard.htm
5.0,3.0,5.0,5.0,3.0,4.0,3.0,4.0,4.0,4.0,4.0,5.0,3.0,4.0,5.0,5.0,4.0,5.0,Amateur Qualifier (The Oaks GC) - Doyle Kelly Scorecard | WSGA,https://wsga.bluegolf.com/bluegolf/wsga18/event/wsga186/contest/1/contestant/2149/scorecard.htm
4.0,4.0,6.0,5.0,3.0,5.0,2.0,4.0,5.0,3.0,4.0,5.0,4.0,4.0,4.0,5.0,3.0,5.0,Amateur Qualifier (The Oaks GC) - Al Albritton Scorecard | WSGA,https://wsga.bluegolf.com/bluegolf/wsga18/event/wsga186/contest/1/contestant/2190/scorecard.htm
3.0,4.0,5.0,5.0,4.0,5.0,3.0,5.0,4.0,3.0,4.0,4.0,3.0,5.0,5.0,4.0,4.0,5.0,Amateur Qualifier (The Oaks GC) - Drew Arndt Scorecard | WSGA,https://wsga.bluegolf.com/bluegolf/wsga18/event/wsga186/contest/1/contestant/2446/scorecard.htm
3.0,3.0,5.0,5.0,3.0,5.0,4.0,5.0,4.0,4.0,6.0,4.0,4.0,4.0,5.0,3.0,4.0,4.0,Amateur Qualifier (The Oaks GC) - Cory Krauss Scorecard | WSGA,https://wsga.bluegolf.com/bluegolf/wsga18/event/wsga186/contest/1/contestant/2397/scorecard.htm
3.0,4.0,5.0,4.0,3.0,4.0,3.0,5.0,5.0,3.0,4.0,4.0,4.0,5.0,6.0,4.0,4.0,5.0,Amateur Qualifier (The Oaks GC) - Andrew Otto Scorecard | WSGA,https://wsga.bluegolf.com/bluegolf/wsga18/event/wsga186/contest/1/contestant/2373/scorecard.htm
5.0,3.0,5.0,6.0,4.0,5.0,4.0,4.0,5.0,2.0,4.0,4.0,3.0,4.0,5.0,4.0,5.0,4.0,Amateur Qualifier (The Oaks GC) - Kurt Peter Scorecard | WSGA,https://wsga.bluegolf.com/bluegolf/wsga18/event/wsga186/contest/1/contestant/2296/scorecard.htm
4.0,4.0,5.0,5.0,3.0,4.0,3.0,5.0,4.0,3.0,5.0,4.0,4.0,4.0,6.0,4.0,4.0,5.0,Amateur Qualifier (The Oaks GC) - Jason Greguska Scorecard | WSGA,https://wsga.bluegolf.com/bluegolf/wsga18/event/wsga186/contest/1/contestant/2271/scorecard.htm
4.0,2.0,7.0,4.0,2.0,5.0,3.0,5.0,5.0,3.0,4.0,5.0,4.0,4.0,4.0,5.0,4.0,6.0,Amateur Qualifier (The Oaks GC) - Ethan Wilkins Scorecard | WSGA,https://wsga.bluegolf.com/bluegolf/wsga18/event/wsga186/contest/1/contestant/2318/scorecard.htm
3.0,4.0,5.0,6.0,4.0,4.0,5.0,5.0,5.0,3.0,4.0,4.0,4.0,4.0,4.0,4.0,4.0,4.0,Amateur Qualifier (The Oaks GC) - Eric Goldapske Scorecard | WSGA,https://wsga.bluegolf.com/bluegolf/wsga18/event/wsga186/contest/1/contestant/2210/scorecard.htm
4.0,3.0,5.0,5.0,3.0,5.0,3.0,5.0,5.0,3.0,5.0,4.0,3.0,4.0,4.0,5.0,5.0,5.0,Amateur Qualifier (The Oaks GC) - Jeff Budd Scorecard | WSGA,https://wsga.bluegolf.com/bluegolf/wsga18/event/wsga186/contest/1/contestant/2283/scorecard.htm
5.0,3.0,5.0,4.0,3.0,4.0,4.0,4.0,5.0,3.0,4.0,4.0,4.0,4.0,5.0,4.0,4.0,7.0,Amateur Qualifier (The Oaks GC) - Lukas Heckmann Scorecard | WSGA,https://wsga.bluegolf.com/bluegolf/wsga18/event/wsga186/contest/1/contestant/2219/scorecard.htm
4.0,3.0,5.0,5.0,4.0,4.0,4.0,5.0,5.0,3.0,6.0,4.0,3.0,4.0,6.0,3.0,3.0,5.0,Amateur Qualifier (The Oaks GC) - Andrew Clement Scorecard | WSGA,https://wsga.bluegolf.com/bluegolf/wsga18/event/wsga186/contest/1/contestant/2319/scorecard.htm
5.0,3.0,5.0,5.0,3.0,6.0,3.0,4.0,6.0,3.0,5.0,4.0,3.0,4.0,5.0,5.0,3.0,5.0,Amateur Qualifier (The Oaks GC) - Steve Johnson Scorecard | WSGA,https://wsga.bluegolf.com/bluegolf/wsga18/event/wsga186/contest/1/contestant/2312/scorecard.htm
4.0,3.0,5.0,6.0,3.0,4.0,3.0,4.0,5.0,3.0,4.0,4.0,4.0,5.0,6.0,5.0,4.0,5.0,Amateur Qualifier (The Oaks GC) - Brady Thomas Scorecard | WSGA,https://wsga.bluegolf.com/bluegolf/wsga18/event/wsga186/contest/1/contestant/2322/scorecard.htm
4.0,3.0,6.0,6.0,3.0,4.0,3.0,4.0,5.0,4.0,4.0,4.0,3.0,6.0,4.0,4.0,5.0,5.0,Amateur Qualifier (The Oaks GC) - Bentley Glass Scorecard | WSGA,https://wsga.bluegolf.com/bluegolf/wsga18/event/wsga186/contest/1/contestant/2427/scorecard.htm
4.0,3.0,5.0,5.0,3.0,5.0,4.0,5.0,5.0,3.0,4.0,4.0,4.0,5.0,4.0,4.0,4.0,6.0,Amateur Qualifier (The Oaks GC) - Logan Lillehaug Scorecard | WSGA,https://wsga.bluegolf.com/bluegolf/wsga18/event/wsga186/contest/1/contestant/2236/scorecard.htm
6.0,2.0,4.0,5.0,3.0,5.0,3.0,5.0,6.0,4.0,4.0,4.0,3.0,5.0,4.0,5.0,4.0,5.0,Amateur Qualifier (The Oaks GC) - Carter Simon Scorecard | WSGA,https://wsga.bluegolf.com/bluegolf/wsga18/event/wsga186/contest/1/contestant/2336/scorecard.htm
4.0,3.0,4.0,5.0,3.0,5.0,5.0,4.0,5.0,3.0,4.0,4.0,3.0,4.0,6.0,4.0,4.0,7.0,Amateur Qualifier (The Oaks GC) - Josh Teplin Scorecard | WSGA,https://wsga.bluegolf.com/bluegolf/wsga18/event/wsga186/contest/1/contestant/2394/scorecard.htm
4.0,3.0,6.0,5.0,3.0,4.0,4.0,5.0,4.0,3.0,5.0,6.0,3.0,4.0,5.0,4.0,4.0,5.0,Amateur Qualifier (The Oaks GC) - John Kestly Scorecard | WSGA,https://wsga.bluegolf.com/bluegolf/wsga18/event/wsga186/contest/1/contestant/2406/scorecard.htm
4.0,4.0,5.0,5.0,4.0,5.0,3.0,4.0,6.0,3.0,4.0,4.0,4.0,5.0,6.0,4.0,3.0,5.0,Amateur Qualifier (The Oaks GC) - Logan Walzer Scorecard | WSGA,https://wsga.bluegolf.com/bluegolf/wsga18/event/wsga186/contest/1/contestant/2199/scorecard.htm
4.0,3.0,5.0,5.0,3.0,4.0,4.0,4.0,5.0,4.0,4.0,5.0,4.0,4.0,5.0,4.0,3.0,8.0,Amateur Qualifier (The Oaks GC) - Cal Condon Scorecard | WSGA,https://wsga.bluegolf.com/bluegolf/wsga18/event/wsga186/contest/1/contestant/2443/scorecard.htm
4.0,3.0,5.0,5.0,3.0,5.0,3.0,5.0,5.0,3.0,5.0,4.0,4.0,4.0,5.0,4.0,4.0,7.0,Amateur Qualifier (The Oaks GC) - David Jensen Scorecard | WSGA,https://wsga.bluegolf.com/bluegolf/wsga18/event/wsga186/contest/1/contestant/2388/scorecard.htm
5.0,4.0,5.0,6.0,3.0,5.0,3.0,5.0,5.0,3.0,4.0,3.0,3.0,6.0,6.0,4.0,3.0,5.0,Amateur Qualifier (The Oaks GC) - Michael Shomo Scorecard | WSGA,https://wsga.bluegolf.com/bluegolf/wsga18/event/wsga186/contest/1/contestant/2382/scorecard.htm
6.0,3.0,5.0,4.0,2.0,6.0,4.0,5.0,4.0,4.0,5.0,4.0,4.0,4.0,5.0,4.0,4.0,5.0,Amateur Qualifier (The Oaks GC) - Ben Laubusch Scorecard | WSGA,https://wsga.bluegolf.com/bluegolf/wsga18/event/wsga186/contest/1/contestant/2434/scorecard.htm
4.0,3.0,6.0,6.0,4.0,5.0,3.0,4.0,5.0,4.0,3.0,4.0,4.0,4.0,4.0,4.0,6.0,5.0,Amateur Qualifier (The Oaks GC) - Brian Campbell Scorecard | WSGA,https://wsga.bluegolf.com/bluegolf/wsga18/event/wsga186/contest/1/contestant/2182/scorecard.htm
3.0,5.0,5.0,5.0,4.0,5.0,3.0,4.0,5.0,2.0,4.0,5.0,4.0,4.0,7.0,4.0,4.0,5.0,Amateur Qualifier (The Oaks GC) - Jacob Werlein Scorecard | WSGA,https://wsga.bluegolf.com/bluegolf/wsga18/event/wsga186/contest/1/contestant/2370/scorecard.htm
4.0,4.0,5.0,6.0,3.0,4.0,5.0,5.0,5.0,3.0,4.0,5.0,4.0,4.0,4.0,4.0,4.0,5.0,Amateur Qualifier (The Oaks GC) - Mike Gustafson Scorecard | WSGA,https://wsga.bluegolf.com/bluegolf/wsga18/event/wsga186/contest/1/contestant/2437/scorecard.htm
4.0,4.0,6.0,6.0,5.0,4.0,3.0,4.0,4.0,3.0,4.0,5.0,3.0,5.0,5.0,4.0,3.0,6.0,Amateur Qualifier (The Oaks GC) - Robert Bishop Scorecard | WSGA,https://wsga.bluegolf.com/bluegolf/wsga18/event/wsga186/contest/1/contestant/2155/scorecard.htm
5.0,4.0,5.0,5.0,3.0,4.0,4.0,6.0,5.0,3.0,4.0,4.0,3.0,4.0,6.0,4.0,5.0,5.0,Amateur Qualifier (The Oaks GC) - Joshua Haunty Scorecard | WSGA,https://wsga.bluegolf.com/bluegolf/wsga18/event/wsga186/contest/1/contestant/2167/scorecard.htm
5.0,5.0,5.0,6.0,2.0,4.0,4.0,4.0,5.0,3.0,4.0,5.0,4.0,5.0,6.0,5.0,4.0,4.0,Amateur Qualifier (The Oaks GC) - Brandon Talaska Scorecard | WSGA,https://wsga.bluegolf.com/bluegolf/wsga18/event/wsga186/contest/1/contestant/2339/scorecard.htm
4.0,4.0,6.0,5.0,3.0,4.0,4.0,5.0,5.0,3.0,5.0,4.0,3.0,6.0,5.0,5.0,3.0,6.0,Amateur Qualifier (The Oaks GC) - Cameron Barnes Scorecard | WSGA,https://wsga.bluegolf.com/bluegolf/wsga18/event/wsga186/contest/1/contestant/2137/scorecard.htm
7.0,5.0,6.0,5.0,3.0,4.0,4.0,4.0,5.0,3.0,4.0,4.0,4.0,6.0,5.0,4.0,3.0,4.0,Amateur Qualifier (The Oaks GC) - Jason Schroeder Scorecard | WSGA,https://wsga.bluegolf.com/bluegolf/wsga18/event/wsga186/contest/1/contestant/2213/scorecard.htm
6.0,5.0,6.0,6.0,3.0,4.0,3.0,4.0,5.0,3.0,4.0,4.0,3.0,5.0,5.0,4.0,3.0,7.0,Amateur Qualifier (The Oaks GC) - TJ Klement Scorecard | WSGA,https://wsga.bluegolf.com/bluegolf/wsga18/event/wsga186/contest/1/contestant/2352/scorecard.htm
5.0,3.0,6.0,5.0,4.0,5.0,5.0,4.0,5.0,3.0,4.0,4.0,3.0,4.0,5.0,4.0,4.0,7.0,Amateur Qualifier (The Oaks GC) - Isaac Heckmann Scorecard | WSGA,https://wsga.bluegolf.com/bluegolf/wsga18/event/wsga186/contest/1/contestant/2262/scorecard.htm
4.0,4.0,5.0,6.0,3.0,5.0,3.0,4.0,6.0,3.0,4.0,5.0,4.0,4.0,5.0,5.0,4.0,6.0,Amateur Qualifier (The Oaks GC) - Brady LeMonds Scorecard | WSGA,https://wsga.bluegolf.com/bluegolf/wsga18/event/wsga186/contest/1/contestant/2587/scorecard.htm
7.0,3.0,4.0,7.0,3.0,4.0,3.0,4.0,5.0,4.0,5.0,4.0,3.0,4.0,5.0,5.0,4.0,6.0,Amateur Qualifier (The Oaks GC) - Mason Kent Scorecard | WSGA,https://wsga.bluegolf.com/bluegolf/wsga18/event/wsga186/contest/1/contestant/2187/scorecard.htm
6.0,5.0,5.0,5.0,5.0,5.0,3.0,4.0,5.0,3.0,4.0,4.0,4.0,4.0,5.0,5.0,3.0,5.0,Amateur Qualifier (The Oaks GC) - Blake Hietala Scorecard | WSGA,https://wsga.bluegolf.com/bluegolf/wsga18/event/wsga186/contest/1/contestant/2400/scorecard.htm
5.0,3.0,6.0,6.0,3.0,5.0,4.0,4.0,7.0,3.0,4.0,4.0,4.0,4.0,6.0,4.0,3.0,5.0,Amateur Qualifier (The Oaks GC) - Tyler Hietpas Scorecard | WSGA,https://wsga.bluegolf.com/bluegolf/wsga18/event/wsga186/contest/1/contestant/2253/scorecard.htm
4.0,4.0,5.0,5.0,3.0,4.0,3.0,5.0,5.0,4.0,4.0,5.0,4.0,6.0,5.0,6.0,2.0,6.0,Amateur Qualifier (The Oaks GC) - Joe Knudtson Scorecard | WSGA,https://wsga.bluegolf.com/bluegolf/wsga18/event/wsga186/contest/1/contestant/2216/scorecard.htm
3.0,4.0,5.0,5.0,3.0,7.0,2.0,5.0,6.0,2.0,4.0,5.0,4.0,6.0,5.0,6.0,4.0,4.0,Amateur Qualifier (The Oaks GC) - Trent Griesemer Scorecard | WSGA,https://wsga.bluegolf.com/bluegolf/wsga18/event/wsga186/contest/1/contestant/2239/scorecard.htm
4.0,3.0,5.0,6.0,4.0,4.0,4.0,4.0,5.0,5.0,4.0,4.0,4.0,4.0,5.0,5.0,4.0,6.0,Amateur Qualifier (The Oaks GC) - Zak Kulka Scorecard | WSGA,https://wsga.bluegolf.com/bluegolf/wsga18/event/wsga186/contest/1/contestant/2248/scorecard.htm
4.0,5.0,5.0,5.0,4.0,4.0,3.0,5.0,6.0,3.0,5.0,4.0,3.0,6.0,6.0,4.0,3.0,6.0,Amateur Qualifier (The Oaks GC) - John Thomas Naumann Scorecard | WSGA,https://wsga.bluegolf.com/bluegolf/wsga18/event/wsga186/contest/1/contestant/2304/scorecard.htm
5.0,4.0,5.0,5.0,4.0,5.0,4.0,6.0,6.0,3.0,4.0,5.0,3.0,4.0,5.0,5.0,4.0,4.0,Amateur Qualifier (The Oaks GC) - Jordan Wollenberg Scorecard | WSGA,https://wsga.bluegolf.com/bluegolf/wsga18/event/wsga186/contest/1/contestant/2342/scorecard.htm
4.0,4.0,6.0,6.0,5.0,4.0,3.0,4.0,6.0,4.0,4.0,3.0,3.0,6.0,6.0,4.0,4.0,5.0,Amateur Qualifier (The Oaks GC) - Gary Dahlke Scorecard | WSGA,https://wsga.bluegolf.com/bluegolf/wsga18/event/wsga186/contest/1/contestant/2265/scorecard.htm
4.0,3.0,5.0,5.0,4.0,6.0,6.0,4.0,3.0,4.0,4.0,4.0,3.0,6.0,7.0,4.0,4.0,5.0,Amateur Qualifier (The Oaks GC) - Tanner Keel Scorecard | WSGA,https://wsga.bluegolf.com/bluegolf/wsga18/event/wsga186/contest/1/contestant/2452/scorecard.htm
5.0,3.0,5.0,5.0,3.0,6.0,4.0,5.0,5.0,4.0,5.0,4.0,3.0,6.0,5.0,4.0,4.0,5.0,Amateur Qualifier (The Oaks GC) - Nathan Brown Scorecard | WSGA,https://wsga.bluegolf.com/bluegolf/wsga18/event/wsga186/contest/1/contestant/2225/scorecard.htm
7.0,2.0,4.0,5.0,4.0,4.0,4.0,5.0,5.0,3.0,5.0,7.0,4.0,4.0,5.0,4.0,4.0,5.0,Amateur Qualifier (The Oaks GC) - Ryan Sanicki Scorecard | WSGA,https://wsga.bluegolf.com/bluegolf/wsga18/event/wsga186/contest/1/contestant/2367/scorecard.htm
4.0,5.0,5.0,5.0,4.0,5.0,3.0,4.0,5.0,3.0,5.0,5.0,4.0,4.0,6.0,4.0,4.0,7.0,Amateur Qualifier (The Oaks GC) - Carson Frisch Scorecard | WSGA,https://wsga.bluegolf.com/bluegolf/wsga18/event/wsga186/contest/1/contestant/2161/scorecard.htm
4.0,4.0,5.0,8.0,3.0,4.0,3.0,4.0,5.0,5.0,4.0,4.0,4.0,3.0,6.0,4.0,3.0,9.0,Amateur Qualifier (The Oaks GC) - Caleb Martin Scorecard | WSGA,https://wsga.bluegolf.com/bluegolf/wsga18/event/wsga186/contest/1/contestant/2202/scorecard.htm
4.0,4.0,6.0,6.0,3.0,5.0,4.0,4.0,6.0,4.0,4.0,5.0,4.0,4.0,5.0,5.0,4.0,5.0,Amateur Qualifier (The Oaks GC) - Scott Tate Scorecard | WSGA,https://wsga.bluegolf.com/bluegolf/wsga18/event/wsga186/contest/1/contestant/2125/scorecard.htm
4.0,4.0,4.0,5.0,3.0,5.0,3.0,5.0,6.0,6.0,4.0,4.0,5.0,4.0,5.0,4.0,4.0,7.0,Amateur Qualifier (The Oaks GC) - Geoffrey Lorenz Scorecard | WSGA,https://wsga.bluegolf.com/bluegolf/wsga18/event/wsga186/contest/1/contestant/2418/scorecard.htm
4.0,3.0,5.0,6.0,3.0,6.0,4.0,4.0,5.0,3.0,5.0,4.0,5.0,6.0,4.0,4.0,5.0,6.0,Amateur Qualifier (The Oaks GC) - Maxamillian Xiong Scorecard | WSGA,https://wsga.bluegolf.com/bluegolf/wsga18/event/wsga186/contest/1/contestant/2333/scorecard.htm
4.0,5.0,5.0,5.0,3.0,5.0,3.0,4.0,5.0,5.0,2.0,4.0,4.0,4.0,8.0,6.0,4.0,6.0,Amateur Qualifier (The Oaks GC) - Joe Guerrera Scorecard | WSGA,https://wsga.bluegolf.com/bluegolf/wsga18/event/wsga186/contest/1/contestant/2176/scorecard.htm
5.0,3.0,6.0,5.0,3.0,5.0,3.0,5.0,5.0,3.0,4.0,4.0,6.0,4.0,7.0,4.0,4.0,6.0,Amateur Qualifier (The Oaks GC) - Thomas Bleich Scorecard | WSGA,https://wsga.bluegolf.com/bluegolf/wsga18/event/wsga186/contest/1/contestant/2196/scorecard.htm
7.0,3.0,5.0,6.0,3.0,5.0,3.0,4.0,5.0,3.0,5.0,5.0,4.0,6.0,7.0,4.0,3.0,5.0,Amateur Qualifier (The Oaks GC) - Karl Gilmore Scorecard | WSGA,https://wsga.bluegolf.com/bluegolf/wsga18/event/wsga186/contest/1/contestant/2431/scorecard.htm
5.0,4.0,5.0,5.0,3.0,4.0,3.0,5.0,5.0,4.0,5.0,8.0,3.0,5.0,5.0,4.0,4.0,6.0,Amateur Qualifier (The Oaks GC) - Mason Holcomb Scorecard | WSGA,https://wsga.bluegolf.com/bluegolf/wsga18/event/wsga186/contest/1/contestant/2307/scorecard.htm
8.0,4.0,4.0,5.0,4.0,5.0,4.0,4.0,4.0,3.0,5.0,4.0,3.0,6.0,6.0,4.0,5.0,5.0,Amateur Qualifier (The Oaks GC) - Ryan Warpinski Scorecard | WSGA,https://wsga.bluegolf.com/bluegolf/wsga18/event/wsga186/contest/1/contestant/2385/scorecard.htm
4.0,2.0,6.0,6.0,4.0,5.0,4.0,6.0,4.0,3.0,5.0,6.0,4.0,3.0,4.0,7.0,5.0,6.0,Amateur Qualifier (The Oaks GC) - Owen Ahern Scorecard | WSGA,https://wsga.bluegolf.com/bluegolf/wsga18/event/wsga186/contest/1/contestant/2233/scorecard.htm
5.0,4.0,5.0,4.0,3.0,5.0,4.0,5.0,7.0,3.0,5.0,5.0,3.0,8.0,5.0,4.0,3.0,6.0,Amateur Qualifier (The Oaks GC) - Matthew Kraus Scorecard | WSGA,https://wsga.bluegolf.com/bluegolf/wsga18/event/wsga186/contest/1/contestant/2259/scorecard.htm
5.0,3.0,5.0,6.0,3.0,5.0,5.0,5.0,5.0,3.0,6.0,6.0,5.0,6.0,4.0,4.0,3.0,5.0,Amateur Qualifier (The Oaks GC) - Jack Gardner Scorecard | WSGA,https://wsga.bluegolf.com/bluegolf/wsga18/event/wsga186/contest/1/contestant/2152/scorecard.htm
3.0,3.0,7.0,5.0,3.0,5.0,3.0,5.0,7.0,4.0,5.0,4.0,3.0,7.0,5.0,5.0,5.0,5.0,Amateur Qualifier (The Oaks GC) - Chuck Chandler Scorecard | WSGA,https://wsga.bluegolf.com/bluegolf/wsga18/event/wsga186/contest/1/contestant/2299/scorecard.htm
4.0,3.0,5.0,5.0,3.0,5.0,3.0,4.0,7.0,3.0,6.0,5.0,5.0,7.0,5.0,5.0,3.0,6.0,Amateur Qualifier (The Oaks GC) - David Bae Scorecard | WSGA,https://wsga.bluegolf.com/bluegolf/wsga18/event/wsga186/contest/1/contestant/2425/scorecard.htm
5.0,3.0,8.0,6.0,5.0,5.0,2.0,4.0,6.0,3.0,5.0,4.0,5.0,4.0,5.0,4.0,4.0,7.0,Amateur Qualifier (The Oaks GC) - Connor Duggan Scorecard | WSGA,https://wsga.bluegolf.com/bluegolf/wsga18/event/wsga186/contest/1/contestant/2288/scorecard.htm
5.0,4.0,5.0,5.0,3.0,7.0,5.0,6.0,5.0,3.0,4.0,4.0,3.0,5.0,4.0,5.0,4.0,8.0,Amateur Qualifier (The Oaks GC) - Tim Russell Scorecard | WSGA,https://wsga.bluegolf.com/bluegolf/wsga18/event/wsga186/contest/1/contestant/2328/scorecard.htm
4.0,5.0,5.0,5.0,4.0,5.0,3.0,6.0,5.0,4.0,5.0,5.0,3.0,5.0,5.0,4.0,4.0,8.0,Amateur Qualifier (The Oaks GC) - Travis Galston Scorecard | WSGA,https://wsga.bluegolf.com/bluegolf/wsga18/event/wsga186/contest/1/contestant/2347/scorecard.htm
4.0,5.0,5.0,5.0,3.0,6.0,3.0,5.0,5.0,3.0,5.0,4.0,4.0,7.0,5.0,6.0,4.0,6.0,Amateur Qualifier (The Oaks GC) - Samuel Cox Scorecard | WSGA,https://wsga.bluegolf.com/bluegolf/wsga18/event/wsga186/contest/1/contestant/2291/scorecard.htm
5.0,5.0,6.0,5.0,3.0,4.0,4.0,5.0,6.0,3.0,5.0,5.0,4.0,4.0,6.0,6.0,4.0,5.0,Amateur Qualifier (The Oaks GC) - Clayton Nass Scorecard | WSGA,https://wsga.bluegolf.com/bluegolf/wsga18/event/wsga186/contest/1/contestant/2403/scorecard.htm
5.0,4.0,6.0,6.0,3.0,5.0,3.0,5.0,4.0,3.0,4.0,5.0,4.0,6.0,9.0,3.0,4.0,6.0,Amateur Qualifier (The Oaks GC) - Gabe Neitzel Scorecard | WSGA,https://wsga.bluegolf.com/bluegolf/wsga18/event/wsga186/contest/1/contestant/2143/scorecard.htm
4.0,3.0,7.0,6.0,4.0,5.0,3.0,6.0,5.0,4.0,4.0,6.0,3.0,6.0,4.0,6.0,4.0,6.0,Amateur Qualifier (The Oaks GC) - Jeff Kaether Scorecard | WSGA,https://wsga.bluegolf.com/bluegolf/wsga18/event/wsga186/contest/1/contestant/2222/scorecard.htm
5.0,4.0,5.0,5.0,4.0,6.0,4.0,5.0,6.0,3.0,7.0,5.0,3.0,4.0,5.0,5.0,5.0,5.0,Amateur Qualifier (The Oaks GC) - Alexander Fons Scorecard | WSGA,https://wsga.bluegolf.com/bluegolf/wsga18/event/wsga186/contest/1/contestant/2592/scorecard.htm
6.0,3.0,6.0,5.0,4.0,5.0,3.0,5.0,5.0,7.0,4.0,4.0,4.0,5.0,6.0,4.0,3.0,7.0,Amateur Qualifier (The Oaks GC) - Eric Lackey Scorecard | WSGA,https://wsga.bluegolf.com/bluegolf/wsga18/event/wsga186/contest/1/contestant/2140/scorecard.htm
5.0,4.0,6.0,5.0,3.0,5.0,3.0,5.0,8.0,5.0,5.0,4.0,5.0,6.0,4.0,5.0,4.0,5.0,Amateur Qualifier (The Oaks GC) - Matt Prellwitz Scorecard | WSGA,https://wsga.bluegolf.com/bluegolf/wsga18/event/wsga186/contest/1/contestant/2230/scorecard.htm
4.0,4.0,6.0,5.0,4.0,4.0,4.0,6.0,6.0,3.0,4.0,9.0,4.0,5.0,5.0,5.0,4.0,6.0,Amateur Qualifier (The Oaks GC) - Harry Carpenter Scorecard | WSGA,https://wsga.bluegolf.com/bluegolf/wsga18/event/wsga186/contest/1/contestant/2440/scorecard.htm
3.0,4.0,5.0,5.0,3.0,6.0,4.0,7.0,6.0,3.0,5.0,4.0,4.0,8.0,5.0,5.0,4.0,7.0,Amateur Qualifier (The Oaks GC) - Ben Gordon Scorecard | WSGA,https://wsga.bluegolf.com/bluegolf/wsga18/event/wsga186/contest/1/contestant/2364/scorecard.htm
4.0,6.0,6.0,6.0,3.0,7.0,3.0,5.0,6.0,3.0,5.0,6.0,3.0,5.0,7.0,6.0,4.0,5.0,Amateur Qualifier (The Oaks GC) - Max Murphy Scorecard | WSGA,https://wsga.bluegolf.com/bluegolf/wsga18/event/wsga186/contest/1/contestant/2412/scorecard.htm
4.0,4.0,7.0,7.0,3.0,5.0,4.0,6.0,6.0,3.0,5.0,4.0,5.0,5.0,7.0,4.0,6.0,5.0,Amateur Qualifier (The Oaks GC) - Shane Sweeney Scorecard | WSGA,https://wsga.bluegolf.com/bluegolf/wsga18/event/wsga186/contest/1/contestant/2409/scorecard.htm
5.0,5.0,5.0,6.0,3.0,5.0,4.0,5.0,5.0,3.0,8.0,5.0,4.0,7.0,6.0,5.0,4.0,5.0,Amateur Qualifier (The Oaks GC) - Kevin Kuklinski Scorecard | WSGA,https://wsga.bluegolf.com/bluegolf/wsga18/event/wsga186/contest/1/contestant/2245/scorecard.htm
5.0,5.0,7.0,5.0,3.0,5.0,4.0,6.0,5.0,3.0,6.0,4.0,4.0,4.0,8.0,6.0,4.0,7.0,Amateur Qualifier (The Oaks GC) - Harrison Ernstmeyer Scorecard | WSGA,https://wsga.bluegolf.com/bluegolf/wsga18/event/wsga186/contest/1/contestant/2330/scorecard.htm
5.0,6.0,6.0,6.0,4.0,5.0,7.0,6.0,6.0,2.0,7.0,4.0,3.0,6.0,4.0,5.0,4.0,5.0,Amateur Qualifier (The Oaks GC) - Brendan Reilly Scorecard | WSGA,https://wsga.bluegolf.com/bluegolf/wsga18/event/wsga186/contest/1/contestant/2131/scorecard.htm
8.0,4.0,5.0,5.0,3.0,5.0,4.0,6.0,8.0,3.0,5.0,6.0,4.0,5.0,4.0,5.0,5.0,7.0,Amateur Qualifier (The Oaks GC) - Andrew Westphal Scorecard | WSGA,https://wsga.bluegolf.com/bluegolf/wsga18/event/wsga186/contest/1/contestant/2158/scorecard.htm
5.0,4.0,5.0,6.0,3.0,5.0,3.0,6.0,6.0,3.0,5.0,5.0,6.0,4.0,7.0,6.0,5.0,8.0,Amateur Qualifier (The Oaks GC) - Robert Becker Scorecard | WSGA,https://wsga.bluegolf.com/bluegolf/wsga18/event/wsga186/contest/1/contestant/2415/scorecard.htm
5.0,5.0,7.0,6.0,3.0,5.0,4.0,7.0,6.0,3.0,7.0,5.0,4.0,5.0,6.0,5.0,6.0,5.0,Amateur Qualifier (The Oaks GC) - Kyle Nickerson Scorecard | WSGA,https://wsga.bluegolf.com/bluegolf/wsga18/event/wsga186/contest/1/contestant/2348/scorecard.htm
4.0,5.0,5.0,5.0,4.0,4.0,4.0,5.0,6.0,6.0,6.0,9.0,3.0,6.0,5.0,5.0,7.0,7.0,Amateur Qualifier (The Oaks GC) - Steve Hermsen Scorecard | WSGA,https://wsga.bluegolf.com/bluegolf/wsga18/event/wsga186/contest/1/contestant/2122/scorecard.htm
5.0,6.0,6.0,6.0,3.0,6.0,4.0,5.0,8.0,4.0,5.0,5.0,5.0,7.0,6.0,7.0,4.0,5.0,Amateur Qualifier (The Oaks GC) - Mitch Halbach Scorecard | WSGA,https://wsga.bluegolf.com/bluegolf/wsga18/event/wsga186/contest/1/contestant/2378/scorecard.htm
10.0,4.0,6.0,4.0,4.0,6.0,4.0,6.0,6.0,5.0,5.0,6.0,4.0,5.0,6.0,5.0,6.0,6.0,Amateur Qualifier (The Oaks GC) - Ryan Batterman Scorecard | WSGA,https://wsga.bluegolf.com/bluegolf/wsga18/event/wsga186/contest/1/contestant/2274/scorecard.htm
4.0,4.0,5.0,4.0,2.0,4.0,3.0,4.0,4.0,2.0,4.0,5.0,3.0,4.0,4.0,4.0,3.0,5.0,Match Play Qualifier #2 - Austin Kendziorski Scorecard | WSGA,https://wsga.bluegolf.com/bluegolf/wsga17/event/wsga1744/contest/1/contestant/825/scorecard.htm
5.0,3.0,4.0,4.0,3.0,4.0,3.0,4.0,5.0,3.0,4.0,5.0,3.0,3.0,5.0,4.0,3.0,5.0,Match Play Qualifier #2 - Matt Sieg Scorecard | WSGA,https://wsga.bluegolf.com/bluegolf/wsga17/event/wsga1744/contest/1/contestant/669/scorecard.htm
5.0,4.0,4.0,5.0,3.0,4.0,3.0,4.0,4.0,3.0,4.0,3.0,3.0,4.0,5.0,4.0,3.0,5.0,Match Play Qualifier #2 - Brady Thomas Scorecard | WSGA,https://wsga.bluegolf.com/bluegolf/wsga17/event/wsga1744/contest/1/contestant/600/scorecard.htm
4.0,3.0,5.0,4.0,3.0,4.0,3.0,5.0,3.0,3.0,4.0,4.0,4.0,5.0,5.0,4.0,3.0,5.0,Match Play Qualifier #2 - Derek Pirkl Scorecard | WSGA,https://wsga.bluegolf.com/bluegolf/wsga17/event/wsga1744/contest/1/contestant/721/scorecard.htm
4.0,4.0,6.0,4.0,3.0,4.0,3.0,4.0,5.0,2.0,4.0,4.0,3.0,4.0,5.0,5.0,2.0,5.0,Match Play Qualifier #2 - Michael Immekus Scorecard | WSGA,https://wsga.bluegolf.com/bluegolf/wsga17/event/wsga1744/contest/1/contestant/570/scorecard.htm
5.0,3.0,5.0,4.0,3.0,4.0,2.0,4.0,5.0,3.0,5.0,4.0,3.0,4.0,4.0,4.0,3.0,7.0,Match Play Qualifier #2 - Nate Thomson Scorecard | WSGA,https://wsga.bluegolf.com/bluegolf/wsga17/event/wsga1744/contest/1/contestant/801/scorecard.htm
4.0,4.0,5.0,6.0,3.0,5.0,3.0,5.0,4.0,2.0,4.0,3.0,3.0,3.0,5.0,4.0,3.0,6.0,Match Play Qualifier #2 - Nick Corban Scorecard | WSGA,https://wsga.bluegolf.com/bluegolf/wsga17/event/wsga1744/contest/1/contestant/594/scorecard.htm
4.0,3.0,6.0,4.0,3.0,4.0,3.0,4.0,4.0,2.0,6.0,5.0,3.0,4.0,5.0,4.0,4.0,4.0,Match Play Qualifier #2 - Chazz Huston Scorecard | WSGA,https://wsga.bluegolf.com/bluegolf/wsga17/event/wsga1744/contest/1/contestant/697/scorecard.htm
5.0,3.0,5.0,6.0,3.0,3.0,3.0,4.0,4.0,3.0,4.0,4.0,3.0,6.0,6.0,4.0,3.0,4.0,Match Play Qualifier #2 - Bryan Benishek Scorecard | WSGA,https://wsga.bluegolf.com/bluegolf/wsga17/event/wsga1744/contest/1/contestant/777/scorecard.htm
3.0,5.0,5.0,4.0,2.0,4.0,3.0,4.0,5.0,3.0,4.0,5.0,4.0,4.0,4.0,5.0,4.0,5.0,Match Play Qualifier #2 - Eric Goldapske Scorecard | WSGA,https://wsga.bluegolf.com/bluegolf/wsga17/event/wsga1744/contest/1/contestant/567/scorecard.htm
4.0,3.0,5.0,5.0,3.0,5.0,3.0,5.0,6.0,2.0,3.0,4.0,3.0,4.0,4.0,5.0,3.0,6.0,Match Play Qualifier #2 - Justin Rowe Scorecard | WSGA,https://wsga.bluegolf.com/bluegolf/wsga17/event/wsga1744/contest/1/contestant/783/scorecard.htm
3.0,5.0,5.0,5.0,3.0,4.0,4.0,4.0,5.0,3.0,3.0,4.0,3.0,7.0,4.0,4.0,3.0,5.0,Match Play Qualifier #2 - Joshua Haunty Scorecard | WSGA,https://wsga.bluegolf.com/bluegolf/wsga17/event/wsga1744/contest/1/contestant/742/scorecard.htm
4.0,3.0,5.0,5.0,4.0,5.0,3.0,5.0,4.0,3.0,5.0,4.0,3.0,3.0,5.0,4.0,4.0,5.0,Match Play Qualifier #2 - Bentley Glass Scorecard | WSGA,https://wsga.bluegolf.com/bluegolf/wsga17/event/wsga1744/contest/1/contestant/760/scorecard.htm
4.0,3.0,4.0,5.0,4.0,4.0,3.0,5.0,5.0,3.0,5.0,4.0,2.0,5.0,6.0,4.0,3.0,5.0,Match Play Qualifier #2 - Colton Duwe Scorecard | WSGA,https://wsga.bluegolf.com/bluegolf/wsga17/event/wsga1744/contest/1/contestant/583/scorecard.htm
6.0,2.0,5.0,5.0,4.0,5.0,3.0,6.0,4.0,3.0,4.0,5.0,3.0,4.0,4.0,4.0,3.0,5.0,Match Play Qualifier #2 - Connor Thiel Scorecard | WSGA,https://wsga.bluegolf.com/bluegolf/wsga17/event/wsga1744/contest/1/contestant/534/scorecard.htm
3.0,4.0,4.0,5.0,4.0,6.0,4.0,4.0,5.0,3.0,4.0,4.0,4.0,4.0,5.0,4.0,3.0,5.0,Match Play Qualifier #2 - Nathan Kannenberg Scorecard | WSGA,https://wsga.bluegolf.com/bluegolf/wsga17/event/wsga1744/contest/1/contestant/633/scorecard.htm
5.0,3.0,4.0,4.0,3.0,5.0,4.0,4.0,4.0,3.0,4.0,4.0,3.0,5.0,7.0,5.0,3.0,5.0,Match Play Qualifier #2 - Adam Fazio Scorecard | WSGA,https://wsga.bluegolf.com/bluegolf/wsga17/event/wsga1744/contest/1/contestant/621/scorecard.htm
4.0,3.0,5.0,5.0,3.0,4.0,4.0,5.0,5.0,3.0,4.0,4.0,3.0,5.0,5.0,5.0,4.0,4.0,Match Play Qualifier #2 - Alec Winston Scorecard | WSGA,https://wsga.bluegolf.com/bluegolf/wsga17/event/wsga1744/contest/1/contestant/810/scorecard.htm
5.0,4.0,5.0,5.0,3.0,3.0,4.0,3.0,4.0,3.0,6.0,4.0,4.0,4.0,5.0,6.0,2.0,5.0,Match Play Qualifier #2 - Ethan Geidel Scorecard | WSGA,https://wsga.bluegolf.com/bluegolf/wsga17/event/wsga1744/contest/1/contestant/608/scorecard.htm
3.0,3.0,5.0,5.0,3.0,5.0,3.0,4.0,5.0,3.0,4.0,5.0,4.0,5.0,5.0,4.0,3.0,6.0,Match Play Qualifier #2 - Mitchell Steiner Scorecard | WSGA,https://wsga.bluegolf.com/bluegolf/wsga17/event/wsga1744/contest/1/contestant/795/scorecard.htm
7.0,4.0,4.0,5.0,3.0,4.0,3.0,5.0,4.0,3.0,4.0,4.0,3.0,4.0,4.0,4.0,5.0,6.0,Match Play Qualifier #2 - Matthew Davidson Scorecard | WSGA,https://wsga.bluegolf.com/bluegolf/wsga17/event/wsga1744/contest/1/contestant/558/scorecard.htm
4.0,4.0,5.0,6.0,2.0,6.0,3.0,5.0,5.0,3.0,5.0,5.0,3.0,4.0,4.0,5.0,3.0,4.0,Match Play Qualifier #2 - Ben Nichols Scorecard | WSGA,https://wsga.bluegolf.com/bluegolf/wsga17/event/wsga1744/contest/1/contestant/605/scorecard.htm
5.0,4.0,5.0,5.0,4.0,4.0,3.0,4.0,4.0,3.0,4.0,6.0,3.0,5.0,7.0,4.0,3.0,4.0,Match Play Qualifier #2 - Andrew Knoll Scorecard | WSGA,https://wsga.bluegolf.com/bluegolf/wsga17/event/wsga1744/contest/1/contestant/546/scorecard.htm
4.0,4.0,5.0,5.0,4.0,4.0,4.0,4.0,4.0,3.0,5.0,5.0,3.0,5.0,4.0,4.0,4.0,6.0,Match Play Qualifier #2 - Tom Schoewe Scorecard | WSGA,https://wsga.bluegolf.com/bluegolf/wsga17/event/wsga1744/contest/1/contestant/660/scorecard.htm
4.0,2.0,5.0,5.0,3.0,4.0,5.0,6.0,5.0,3.0,5.0,4.0,4.0,5.0,4.0,4.0,3.0,6.0,Match Play Qualifier #2 - Tyler LaDuc Scorecard | WSGA,https://wsga.bluegolf.com/bluegolf/wsga17/event/wsga1744/contest/1/contestant/789/scorecard.htm
5.0,3.0,4.0,6.0,5.0,4.0,3.0,4.0,4.0,3.0,4.0,4.0,4.0,5.0,5.0,5.0,4.0,5.0,Match Play Qualifier #2 - Rob Retzlaff Scorecard | WSGA,https://wsga.bluegolf.com/bluegolf/wsga17/event/wsga1744/contest/1/contestant/774/scorecard.htm
5.0,4.0,5.0,4.0,3.0,5.0,4.0,5.0,5.0,3.0,3.0,5.0,4.0,4.0,6.0,4.0,3.0,5.0,Match Play Qualifier #2 - Matt Elstad Scorecard | WSGA,https://wsga.bluegolf.com/bluegolf/wsga17/event/wsga1744/contest/1/contestant/685/scorecard.htm
4.0,4.0,4.0,5.0,3.0,5.0,4.0,4.0,5.0,3.0,4.0,4.0,4.0,4.0,6.0,5.0,3.0,6.0,Match Play Qualifier #2 - Bradley Hill Scorecard | WSGA,https://wsga.bluegolf.com/bluegolf/wsga17/event/wsga1744/contest/1/contestant/751/scorecard.htm
6.0,4.0,5.0,5.0,4.0,5.0,3.0,5.0,4.0,4.0,5.0,4.0,4.0,4.0,4.0,4.0,3.0,4.0,Match Play Qualifier #2 - Ryan Hurab Scorecard | WSGA,https://wsga.bluegolf.com/bluegolf/wsga17/event/wsga1744/contest/1/contestant/663/scorecard.htm
6.0,3.0,5.0,5.0,3.0,4.0,4.0,4.0,5.0,4.0,4.0,5.0,3.0,5.0,5.0,4.0,3.0,5.0,Match Play Qualifier #2 - Grant Burish Scorecard | WSGA,https://wsga.bluegolf.com/bluegolf/wsga17/event/wsga1744/contest/1/contestant/672/scorecard.htm
5.0,4.0,6.0,6.0,4.0,5.0,4.0,4.0,5.0,2.0,4.0,5.0,3.0,4.0,4.0,4.0,3.0,5.0,Match Play Qualifier #2 - Alec Sheaffer Scorecard | WSGA,https://wsga.bluegolf.com/bluegolf/wsga17/event/wsga1744/contest/1/contestant/712/scorecard.htm
4.0,3.0,5.0,5.0,4.0,5.0,4.0,3.0,4.0,3.0,4.0,7.0,3.0,5.0,5.0,4.0,3.0,6.0,Match Play Qualifier #2 - Christopher Severson Scorecard | WSGA,https://wsga.bluegolf.com/bluegolf/wsga17/event/wsga1744/contest/1/contestant/754/scorecard.htm
3.0,3.0,4.0,5.0,5.0,6.0,3.0,5.0,4.0,3.0,4.0,5.0,3.0,5.0,6.0,4.0,3.0,6.0,Match Play Qualifier #2 - Daryl Schrader Scorecard | WSGA,https://wsga.bluegolf.com/bluegolf/wsga17/event/wsga1744/contest/1/contestant/757/scorecard.htm
4.0,4.0,5.0,6.0,2.0,5.0,3.0,5.0,4.0,4.0,4.0,5.0,3.0,6.0,5.0,4.0,3.0,5.0,Match Play Qualifier #2 - Michael Shomo Scorecard | WSGA,https://wsga.bluegolf.com/bluegolf/wsga17/event/wsga1744/contest/1/contestant/624/scorecard.htm
4.0,4.0,5.0,5.0,2.0,6.0,4.0,4.0,5.0,2.0,4.0,4.0,3.0,4.0,7.0,7.0,2.0,6.0,Match Play Qualifier #2 - John Thomas Naumann Scorecard | WSGA,https://wsga.bluegolf.com/bluegolf/wsga17/event/wsga1744/contest/1/contestant/768/scorecard.htm
4.0,4.0,5.0,5.0,4.0,5.0,3.0,5.0,5.0,3.0,5.0,4.0,3.0,4.0,6.0,4.0,4.0,5.0,Match Play Qualifier #2 - Bob Richards Scorecard | WSGA,https://wsga.bluegolf.com/bluegolf/wsga17/event/wsga1744/contest/1/contestant/727/scorecard.htm
5.0,4.0,4.0,5.0,4.0,5.0,4.0,3.0,5.0,5.0,4.0,4.0,3.0,5.0,4.0,4.0,4.0,6.0,Match Play Qualifier #2 - Rollin Petersen Scorecard | WSGA,https://wsga.bluegolf.com/bluegolf/wsga17/event/wsga1744/contest/1/contestant/706/scorecard.htm
4.0,4.0,5.0,4.0,3.0,5.0,4.0,4.0,6.0,4.0,5.0,4.0,4.0,5.0,5.0,3.0,4.0,5.0,Match Play Qualifier #2 - Brandon Parks-Larson Scorecard | WSGA,https://wsga.bluegolf.com/bluegolf/wsga17/event/wsga1744/contest/1/contestant/586/scorecard.htm
4.0,4.0,4.0,5.0,3.0,4.0,4.0,4.0,5.0,3.0,5.0,6.0,3.0,6.0,5.0,4.0,4.0,5.0,Match Play Qualifier #2 - David Bae Scorecard | WSGA,https://wsga.bluegolf.com/bluegolf/wsga17/event/wsga1744/contest/1/contestant/816/scorecard.htm
3.0,3.0,5.0,5.0,3.0,5.0,4.0,4.0,6.0,4.0,4.0,4.0,4.0,5.0,5.0,5.0,3.0,6.0,Match Play Qualifier #2 - Brian Campbell Scorecard | WSGA,https://wsga.bluegolf.com/bluegolf/wsga17/event/wsga1744/contest/1/contestant/715/scorecard.htm
4.0,4.0,7.0,6.0,4.0,5.0,4.0,4.0,5.0,4.0,4.0,4.0,3.0,4.0,5.0,3.0,3.0,5.0,Match Play Qualifier #2 - Andy Waselchuk Scorecard | WSGA,https://wsga.bluegolf.com/bluegolf/wsga17/event/wsga1744/contest/1/contestant/820/scorecard.htm
4.0,3.0,5.0,6.0,3.0,4.0,3.0,5.0,5.0,3.0,5.0,4.0,4.0,4.0,7.0,4.0,3.0,6.0,Match Play Qualifier #2 - Tyler Fishbune Scorecard | WSGA,https://wsga.bluegolf.com/bluegolf/wsga17/event/wsga1744/contest/1/contestant/819/scorecard.htm
4.0,4.0,5.0,5.0,4.0,4.0,6.0,4.0,5.0,3.0,5.0,4.0,5.0,5.0,4.0,4.0,3.0,5.0,Match Play Qualifier #2 - Travis Galston Scorecard | WSGA,https://wsga.bluegolf.com/bluegolf/wsga17/event/wsga1744/contest/1/contestant/537/scorecard.htm
4.0,4.0,5.0,5.0,3.0,6.0,3.0,5.0,5.0,3.0,5.0,5.0,4.0,5.0,6.0,4.0,3.0,4.0,Match Play Qualifier #2 - Ben Landvatter Scorecard | WSGA,https://wsga.bluegolf.com/bluegolf/wsga17/event/wsga1744/contest/1/contestant/804/scorecard.htm
5.0,3.0,5.0,6.0,4.0,6.0,5.0,5.0,5.0,3.0,4.0,4.0,4.0,4.0,3.0,4.0,4.0,5.0,Match Play Qualifier #2 - Larry Ring Scorecard | WSGA,https://wsga.bluegolf.com/bluegolf/wsga17/event/wsga1744/contest/1/contestant/574/scorecard.htm
4.0,3.0,5.0,6.0,4.0,5.0,3.0,6.0,4.0,3.0,4.0,5.0,4.0,5.0,5.0,5.0,3.0,5.0,Match Play Qualifier #2 - Dawson Hinz Scorecard | WSGA,https://wsga.bluegolf.com/bluegolf/wsga17/event/wsga1744/contest/1/contestant/792/scorecard.htm
4.0,3.0,6.0,5.0,3.0,4.0,3.0,5.0,4.0,3.0,5.0,5.0,3.0,5.0,5.0,6.0,5.0,5.0,Match Play Qualifier #2 - Nicholas Zellmer Scorecard | WSGA,https://wsga.bluegolf.com/bluegolf/wsga17/event/wsga1744/contest/1/contestant/771/scorecard.htm
4.0,4.0,4.0,5.0,3.0,5.0,3.0,4.0,5.0,5.0,4.0,4.0,4.0,5.0,5.0,4.0,4.0,7.0,Match Play Qualifier #2 - Taylor Ryman Scorecard | WSGA,https://wsga.bluegolf.com/bluegolf/wsga17/event/wsga1744/contest/1/contestant/549/scorecard.htm
4.0,2.0,5.0,5.0,5.0,6.0,3.0,5.0,6.0,3.0,5.0,4.0,4.0,4.0,5.0,4.0,4.0,5.0,Match Play Qualifier #2 - Sam Schlosser Scorecard | WSGA,https://wsga.bluegolf.com/bluegolf/wsga17/event/wsga1744/contest/1/contestant/615/scorecard.htm
4.0,3.0,5.0,5.0,3.0,5.0,4.0,4.0,5.0,4.0,5.0,5.0,3.0,5.0,5.0,4.0,4.0,6.0,Match Play Qualifier #2 - Alex Premo Scorecard | WSGA,https://wsga.bluegolf.com/bluegolf/wsga17/event/wsga1744/contest/1/contestant/703/scorecard.htm
3.0,4.0,4.0,6.0,4.0,5.0,3.0,4.0,5.0,3.0,5.0,6.0,4.0,5.0,4.0,4.0,4.0,6.0,Match Play Qualifier #2 - Trent Griesemer Scorecard | WSGA,https://wsga.bluegolf.com/bluegolf/wsga17/event/wsga1744/contest/1/contestant/786/scorecard.htm
6.0,3.0,5.0,5.0,4.0,5.0,2.0,5.0,5.0,3.0,4.0,5.0,4.0,5.0,5.0,4.0,4.0,5.0,Match Play Qualifier #2 - Charlie Baumann Scorecard | WSGA,https://wsga.bluegolf.com/bluegolf/wsga17/event/wsga1744/contest/1/contestant/564/scorecard.htm
4.0,4.0,5.0,5.0,3.0,3.0,3.0,8.0,5.0,4.0,5.0,5.0,3.0,5.0,5.0,4.0,3.0,6.0,Match Play Qualifier #2 - Cory Sokol Scorecard | WSGA,https://wsga.bluegolf.com/bluegolf/wsga17/event/wsga1744/contest/1/contestant/666/scorecard.htm
3.0,4.0,6.0,7.0,4.0,5.0,4.0,5.0,5.0,3.0,4.0,4.0,3.0,4.0,5.0,5.0,4.0,5.0,Match Play Qualifier #2 - Michael Keener Scorecard | WSGA,https://wsga.bluegolf.com/bluegolf/wsga17/event/wsga1744/contest/1/contestant/765/scorecard.htm
5.0,3.0,5.0,5.0,4.0,5.0,4.0,5.0,5.0,3.0,5.0,4.0,2.0,6.0,5.0,5.0,3.0,6.0,Match Play Qualifier #2 - Andrew Otto Scorecard | WSGA,https://wsga.bluegolf.com/bluegolf/wsga17/event/wsga1744/contest/1/contestant/724/scorecard.htm
4.0,4.0,4.0,6.0,4.0,5.0,4.0,5.0,6.0,3.0,5.0,4.0,3.0,4.0,7.0,5.0,3.0,4.0,Match Play Qualifier #2 - Derick Disch Scorecard | WSGA,https://wsga.bluegolf.com/bluegolf/wsga17/event/wsga1744/contest/1/contestant/739/scorecard.htm
5.0,5.0,5.0,6.0,3.0,4.0,3.0,4.0,5.0,3.0,4.0,4.0,4.0,4.0,5.0,6.0,3.0,7.0,Match Play Qualifier #2 - Mike Ratkovitch Scorecard | WSGA,https://wsga.bluegolf.com/bluegolf/wsga17/event/wsga1744/contest/1/contestant/642/scorecard.htm
4.0,3.0,4.0,6.0,3.0,6.0,4.0,4.0,5.0,4.0,6.0,5.0,4.0,4.0,6.0,4.0,3.0,5.0,Match Play Qualifier #2 - Ryan Duffey Scorecard | WSGA,https://wsga.bluegolf.com/bluegolf/wsga17/event/wsga1744/contest/1/contestant/618/scorecard.htm
5.0,5.0,5.0,5.0,3.0,7.0,4.0,5.0,4.0,3.0,4.0,6.0,3.0,4.0,5.0,4.0,3.0,5.0,Match Play Qualifier #2 - Tony Ausick Scorecard | WSGA,https://wsga.bluegolf.com/bluegolf/wsga17/event/wsga1744/contest/1/contestant/519/scorecard.htm
5.0,4.0,6.0,5.0,5.0,6.0,4.0,4.0,5.0,3.0,3.0,4.0,3.0,5.0,6.0,4.0,5.0,4.0,Match Play Qualifier #2 - Drew Zimmerman Scorecard | WSGA,https://wsga.bluegolf.com/bluegolf/wsga17/event/wsga1744/contest/1/contestant/630/scorecard.htm
5.0,3.0,5.0,6.0,3.0,5.0,3.0,7.0,6.0,4.0,4.0,4.0,5.0,5.0,4.0,4.0,3.0,5.0,Match Play Qualifier #2 - Gary Dahlke Scorecard | WSGA,https://wsga.bluegolf.com/bluegolf/wsga17/event/wsga1744/contest/1/contestant/543/scorecard.htm
7.0,3.0,5.0,5.0,5.0,4.0,3.0,4.0,5.0,3.0,5.0,4.0,4.0,7.0,5.0,4.0,3.0,5.0,Match Play Qualifier #2 - Jensen Peck Scorecard | WSGA,https://wsga.bluegolf.com/bluegolf/wsga17/event/wsga1744/contest/1/contestant/651/scorecard.htm
4.0,3.0,5.0,6.0,3.0,5.0,4.0,4.0,4.0,3.0,4.0,5.0,5.0,7.0,6.0,5.0,3.0,5.0,Match Play Qualifier #2 - Matt Masterson Scorecard | WSGA,https://wsga.bluegolf.com/bluegolf/wsga17/event/wsga1744/contest/1/contestant/654/scorecard.htm
4.0,4.0,5.0,6.0,3.0,4.0,4.0,4.0,4.0,3.0,5.0,6.0,4.0,6.0,6.0,3.0,3.0,7.0,Match Play Qualifier #2 - Andrew Krei Scorecard | WSGA,https://wsga.bluegolf.com/bluegolf/wsga17/event/wsga1744/contest/1/contestant/577/scorecard.htm
6.0,4.0,5.0,5.0,3.0,4.0,3.0,6.0,6.0,3.0,5.0,3.0,4.0,6.0,5.0,5.0,3.0,5.0,Match Play Qualifier #2 - Kyle Schroeder Scorecard | WSGA,https://wsga.bluegolf.com/bluegolf/wsga17/event/wsga1744/contest/1/contestant/522/scorecard.htm
5.0,4.0,6.0,6.0,3.0,5.0,3.0,4.0,4.0,3.0,6.0,5.0,3.0,4.0,4.0,5.0,4.0,7.0,Match Play Qualifier #2 - Ben Bench Scorecard | WSGA,https://wsga.bluegolf.com/bluegolf/wsga17/event/wsga1744/contest/1/contestant/645/scorecard.htm
4.0,3.0,5.0,3.0,5.0,4.0,4.0,4.0,6.0,4.0,6.0,4.0,4.0,7.0,7.0,3.0,4.0,4.0,Match Play Qualifier #2 - Matthew Severance Scorecard | WSGA,https://wsga.bluegolf.com/bluegolf/wsga17/event/wsga1744/contest/1/contestant/733/scorecard.htm
5.0,3.0,5.0,5.0,4.0,5.0,3.0,5.0,6.0,3.0,6.0,3.0,4.0,6.0,4.0,5.0,3.0,6.0,Match Play Qualifier #2 - Jeb Vachuska Scorecard | WSGA,https://wsga.bluegolf.com/bluegolf/wsga17/event/wsga1744/contest/1/contestant/700/scorecard.htm
4.0,4.0,6.0,5.0,2.0,5.0,3.0,4.0,7.0,3.0,6.0,5.0,4.0,4.0,4.0,5.0,5.0,6.0,Match Play Qualifier #2 - Tyler Krischan Scorecard | WSGA,https://wsga.bluegolf.com/bluegolf/wsga17/event/wsga1744/contest/1/contestant/780/scorecard.htm
4.0,4.0,5.0,5.0,4.0,5.0,3.0,5.0,6.0,3.0,4.0,5.0,3.0,4.0,7.0,4.0,4.0,7.0,Match Play Qualifier #2 - Jeff Kaether Scorecard | WSGA,https://wsga.bluegolf.com/bluegolf/wsga17/event/wsga1744/contest/1/contestant/531/scorecard.htm
4.0,4.0,6.0,4.0,3.0,6.0,4.0,6.0,5.0,4.0,4.0,4.0,4.0,6.0,5.0,4.0,4.0,5.0,Match Play Qualifier #2 - Andrew Yontz Scorecard | WSGA,https://wsga.bluegolf.com/bluegolf/wsga17/event/wsga1744/contest/1/contestant/745/scorecard.htm
4.0,4.0,5.0,5.0,3.0,4.0,4.0,7.0,4.0,4.0,5.0,6.0,3.0,6.0,4.0,5.0,3.0,6.0,Match Play Qualifier #2 - Thomas Ulrich Jr Scorecard | WSGA,https://wsga.bluegolf.com/bluegolf/wsga17/event/wsga1744/contest/1/contestant/675/scorecard.htm
3.0,3.0,5.0,6.0,5.0,5.0,3.0,5.0,5.0,4.0,5.0,4.0,4.0,7.0,5.0,5.0,3.0,5.0,Match Play Qualifier #2 - Tanner Keel Scorecard | WSGA,https://wsga.bluegolf.com/bluegolf/wsga17/event/wsga1744/contest/1/contestant/736/scorecard.htm
3.0,3.0,5.0,5.0,4.0,5.0,4.0,5.0,6.0,3.0,5.0,5.0,4.0,5.0,4.0,6.0,4.0,6.0,Match Play Qualifier #2 - Karl Reynolds Scorecard | WSGA,https://wsga.bluegolf.com/bluegolf/wsga17/event/wsga1744/contest/1/contestant/636/scorecard.htm
4.0,4.0,5.0,5.0,5.0,4.0,4.0,5.0,6.0,2.0,4.0,5.0,4.0,6.0,4.0,5.0,3.0,7.0,Match Play Qualifier #2 - Ryan Schave Scorecard | WSGA,https://wsga.bluegolf.com/bluegolf/wsga17/event/wsga1744/contest/1/contestant/627/scorecard.htm
4.0,3.0,5.0,6.0,3.0,4.0,3.0,8.0,6.0,3.0,4.0,4.0,3.0,7.0,5.0,5.0,4.0,5.0,Match Play Qualifier #2 - Andrew Krueger Scorecard | WSGA,https://wsga.bluegolf.com/bluegolf/wsga17/event/wsga1744/contest/1/contestant/798/scorecard.htm
5.0,4.0,5.0,4.0,4.0,5.0,3.0,4.0,5.0,3.0,5.0,5.0,5.0,5.0,6.0,5.0,4.0,5.0,Match Play Qualifier #2 - Matthew Kraus Scorecard | WSGA,https://wsga.bluegolf.com/bluegolf/wsga17/event/wsga1744/contest/1/contestant/597/scorecard.htm
5.0,4.0,6.0,6.0,3.0,6.0,4.0,4.0,5.0,3.0,4.0,7.0,4.0,4.0,5.0,4.0,4.0,5.0,Match Play Qualifier #2 - Sam Cianciola Scorecard | WSGA,https://wsga.bluegolf.com/bluegolf/wsga17/event/wsga1744/contest/1/contestant/612/scorecard.htm
4.0,4.0,5.0,5.0,4.0,5.0,3.0,5.0,3.0,4.0,4.0,5.0,4.0,9.0,6.0,5.0,4.0,5.0,Match Play Qualifier #2 - Alex Eichelberger Scorecard | WSGA,https://wsga.bluegolf.com/bluegolf/wsga17/event/wsga1744/contest/1/contestant/540/scorecard.htm
5.0,3.0,6.0,5.0,3.0,6.0,3.0,5.0,7.0,2.0,5.0,6.0,5.0,4.0,6.0,4.0,3.0,7.0,Match Play Qualifier #2 - Kevin Entwistle Scorecard | WSGA,https://wsga.bluegolf.com/bluegolf/wsga17/event/wsga1744/contest/1/contestant/552/scorecard.htm
5.0,4.0,5.0,6.0,3.0,5.0,3.0,6.0,6.0,4.0,5.0,7.0,3.0,6.0,5.0,4.0,4.0,5.0,Match Play Qualifier #2 - Tyler Raatz Scorecard | WSGA,https://wsga.bluegolf.com/bluegolf/wsga17/event/wsga1744/contest/1/contestant/513/scorecard.htm
4.0,3.0,5.0,4.0,3.0,6.0,5.0,5.0,6.0,3.0,4.0,5.0,3.0,8.0,7.0,4.0,5.0,6.0,Match Play Qualifier #2 - Joseph Kapugia Scorecard | WSGA,https://wsga.bluegolf.com/bluegolf/wsga17/event/wsga1744/contest/1/contestant/589/scorecard.htm
6.0,5.0,7.0,5.0,3.0,4.0,4.0,5.0,5.0,3.0,6.0,5.0,4.0,4.0,7.0,4.0,4.0,5.0,Match Play Qualifier #2 - Jason Harder Scorecard | WSGA,https://wsga.bluegolf.com/bluegolf/wsga17/event/wsga1744/contest/1/contestant/730/scorecard.htm
4.0,3.0,5.0,6.0,3.0,4.0,7.0,5.0,4.0,3.0,4.0,6.0,4.0,7.0,6.0,5.0,5.0,5.0,Match Play Qualifier #2 - Kyle Bence Scorecard | WSGA,https://wsga.bluegolf.com/bluegolf/wsga17/event/wsga1744/contest/1/contestant/718/scorecard.htm
4.0,3.0,5.0,7.0,4.0,6.0,3.0,5.0,4.0,6.0,4.0,5.0,4.0,5.0,7.0,5.0,3.0,6.0,Match Play Qualifier #2 - Ben Fetters Scorecard | WSGA,https://wsga.bluegolf.com/bluegolf/wsga17/event/wsga1744/contest/1/contestant/748/scorecard.htm
4.0,6.0,6.0,6.0,3.0,6.0,4.0,5.0,4.0,3.0,5.0,5.0,4.0,4.0,6.0,6.0,4.0,6.0,Match Play Qualifier #2 - Jack Klimowicz Scorecard | WSGA,https://wsga.bluegolf.com/bluegolf/wsga17/event/wsga1744/contest/1/contestant/807/scorecard.htm
6.0,5.0,7.0,4.0,5.0,4.0,3.0,4.0,5.0,3.0,5.0,5.0,4.0,8.0,6.0,5.0,3.0,5.0,Match Play Qualifier #2 - Judson Quinn Scorecard | WSGA,https://wsga.bluegolf.com/bluegolf/wsga17/event/wsga1744/contest/1/contestant/709/scorecard.htm
8.0,3.0,5.0,5.0,3.0,6.0,3.0,6.0,6.0,2.0,7.0,5.0,3.0,6.0,5.0,5.0,4.0,5.0,Match Play Qualifier #2 - Alexander Fons Scorecard | WSGA,https://wsga.bluegolf.com/bluegolf/wsga17/event/wsga1744/contest/1/contestant/611/scorecard.htm
4.0,4.0,5.0,5.0,3.0,7.0,4.0,6.0,5.0,3.0,5.0,5.0,4.0,5.0,6.0,6.0,7.0,7.0,Match Play Qualifier #2 - Will Waller Scorecard | WSGA,https://wsga.bluegolf.com/bluegolf/wsga17/event/wsga1744/contest/1/contestant/678/scorecard.htm
6.0,4.0,6.0,5.0,3.0,5.0,4.0,5.0,6.0,3.0,7.0,4.0,3.0,8.0,9.0,3.0,4.0,6.0,Match Play Qualifier #2 - Eric Schumacher Scorecard | WSGA,https://wsga.bluegolf.com/bluegolf/wsga17/event/wsga1744/contest/1/contestant/561/scorecard.htm
6.0,4.0,7.0,6.0,5.0,6.0,3.0,5.0,6.0,4.0,4.0,6.0,3.0,6.0,7.0,5.0,3.0,5.0,Match Play Qualifier #2 - Mark Analla Scorecard | WSGA,https://wsga.bluegolf.com/bluegolf/wsga17/event/wsga1744/contest/1/contestant/691/scorecard.htm
4.0,4.0,5.0,5.0,5.0,6.0,4.0,6.0,5.0,4.0,4.0,4.0,4.0,7.0,8.0,9.0,3.0,6.0,Match Play Qualifier #2 - Nicholas Benz Scorecard | WSGA,https://wsga.bluegolf.com/bluegolf/wsga17/event/wsga1744/contest/1/contestant/682/scorecard.htm
4.0,4.0,6.0,6.0,5.0,5.0,6.0,6.0,6.0,3.0,7.0,6.0,5.0,5.0,5.0,6.0,3.0,6.0,Match Play Qualifier #2 - Joel Matthies Scorecard | WSGA,https://wsga.bluegolf.com/bluegolf/wsga17/event/wsga1744/contest/1/contestant/657/scorecard.htm
5.0,4.0,5.0,6.0,5.0,7.0,3.0,7.0,8.0,3.0,6.0,5.0,4.0,5.0,6.0,6.0,4.0,5.0,Match Play Qualifier #2 - Joseph Forbush Scorecard | WSGA,https://wsga.bluegolf.com/bluegolf/wsga17/event/wsga1744/contest/1/contestant/525/scorecard.htm
4.0,4.0,5.0,5.0,3.0,7.0,3.0,6.0,5.0,3.0,5.0,7.0,4.0,11.0,9.0,4.0,4.0,5.0,Match Play Qualifier #2 - Chris Klimowicz Scorecard | WSGA,https://wsga.bluegolf.com/bluegolf/wsga17/event/wsga1744/contest/1/contestant/528/scorecard.htm
4.0,5.0,5.0,5.0,5.0,5.0,3.0,6.0,7.0,7.0,5.0,4.0,4.0,10.0,6.0,4.0,5.0,7.0,Match Play Qualifier #2 - Matthew Schmit Scorecard | WSGA,https://wsga.bluegolf.com/bluegolf/wsga17/event/wsga1744/contest/1/contestant/515/scorecard.htm
6.0,4.0,3.0,5.0,3.0,4.0,3.0,4.0,5.0,4.0,4.0,3.0,3.0,4.0,4.0,3.0,3.0,5.0,Match Play Qualifying - Patrick Cahill Scorecard | WSGA,https://wsga.bluegolf.com/bluegolf/wsga15/event/wsga1556/contest/4/contestant/6484/scorecard.htm
4.0,4.0,4.0,4.0,3.0,5.0,3.0,3.0,3.0,4.0,4.0,5.0,4.0,6.0,3.0,4.0,3.0,5.0,Match Play Qualifying - David Spengler Scorecard | WSGA,https://wsga.bluegolf.com/bluegolf/wsga15/event/wsga1556/contest/4/contestant/6511/scorecard.htm
5.0,4.0,7.0,5.0,2.0,4.0,2.0,3.0,4.0,5.0,3.0,5.0,3.0,4.0,4.0,5.0,3.0,4.0,Match Play Qualifying - Matt Sieg Scorecard | WSGA,https://wsga.bluegolf.com/bluegolf/wsga15/event/wsga1556/contest/4/contestant/6419/scorecard.htm
4.0,3.0,5.0,5.0,3.0,3.0,5.0,4.0,5.0,3.0,4.0,4.0,4.0,4.0,4.0,4.0,4.0,5.0,Match Play Qualifying - Matthew McIntosh Scorecard | WSGA,https://wsga.bluegolf.com/bluegolf/wsga15/event/wsga1556/contest/4/contestant/6487/scorecard.htm
5.0,4.0,4.0,5.0,3.0,5.0,4.0,5.0,4.0,2.0,5.0,5.0,3.0,4.0,4.0,4.0,3.0,5.0,Match Play Qualifying - Don Loeser Scorecard | WSGA,https://wsga.bluegolf.com/bluegolf/wsga15/event/wsga1556/contest/4/contestant/6437/scorecard.htm
3.0,4.0,5.0,5.0,3.0,5.0,3.0,3.0,5.0,3.0,6.0,4.0,3.0,6.0,4.0,4.0,3.0,5.0,Match Play Qualifying - George Botts Scorecard | WSGA,https://wsga.bluegolf.com/bluegolf/wsga15/event/wsga1556/contest/4/contestant/6431/scorecard.htm
5.0,3.0,5.0,5.0,3.0,4.0,4.0,4.0,3.0,4.0,5.0,4.0,3.0,5.0,5.0,4.0,3.0,5.0,Match Play Qualifying - Brooks Johnson Scorecard | WSGA,https://wsga.bluegolf.com/bluegolf/wsga15/event/wsga1556/contest/4/contestant/6502/scorecard.htm
4.0,4.0,4.0,5.0,3.0,5.0,3.0,7.0,6.0,3.0,3.0,3.0,3.0,5.0,5.0,4.0,4.0,4.0,Match Play Qualifying - Joshua Haunty Scorecard | WSGA,https://wsga.bluegolf.com/bluegolf/wsga15/event/wsga1556/contest/4/contestant/6395/scorecard.htm
5.0,3.0,5.0,6.0,3.0,4.0,3.0,5.0,4.0,3.0,4.0,5.0,4.0,3.0,5.0,4.0,4.0,6.0,Match Play Qualifying - Matt Thomsen Scorecard | WSGA,https://wsga.bluegolf.com/bluegolf/wsga15/event/wsga1556/contest/4/contestant/6493/scorecard.htm
4.0,4.0,5.0,4.0,4.0,3.0,4.0,4.0,5.0,3.0,5.0,6.0,3.0,4.0,5.0,5.0,3.0,6.0,Match Play Qualifying - Henry Mulvey Scorecard | WSGA,https://wsga.bluegolf.com/bluegolf/wsga15/event/wsga1556/contest/4/contestant/6519/scorecard.htm
3.0,3.0,5.0,5.0,3.0,4.0,3.0,4.0,7.0,3.0,4.0,6.0,4.0,4.0,5.0,5.0,3.0,6.0,Match Play Qualifying - Ryan Duffey Scorecard | WSGA,https://wsga.bluegolf.com/bluegolf/wsga15/event/wsga1556/contest/4/contestant/6499/scorecard.htm
5.0,6.0,6.0,6.0,3.0,4.0,3.0,4.0,4.0,3.0,5.0,4.0,3.0,4.0,4.0,3.0,4.0,6.0,Match Play Qualifying - Kyle Tanriverdi Scorecard | WSGA,https://wsga.bluegolf.com/bluegolf/wsga15/event/wsga1556/contest/4/contestant/6538/scorecard.htm
5.0,4.0,5.0,5.0,3.0,5.0,4.0,4.0,5.0,3.0,4.0,4.0,3.0,5.0,5.0,5.0,3.0,5.0,Match Play Qualifying - Ryne Clatworthy Scorecard | WSGA,https://wsga.bluegolf.com/bluegolf/wsga15/event/wsga1556/contest/4/contestant/6452/scorecard.htm
4.0,3.0,4.0,5.0,6.0,4.0,3.0,4.0,6.0,4.0,4.0,4.0,3.0,5.0,5.0,6.0,3.0,6.0,Match Play Qualifying - Austin Kendziorski Scorecard | WSGA,https://wsga.bluegolf.com/bluegolf/wsga15/event/wsga1556/contest/4/contestant/6425/scorecard.htm
4.0,4.0,4.0,5.0,3.0,4.0,3.0,4.0,9.0,3.0,5.0,4.0,4.0,5.0,5.0,4.0,3.0,6.0,Match Play Qualifying - Tyler Piddington Scorecard | WSGA,https://wsga.bluegolf.com/bluegolf/wsga15/event/wsga1556/contest/4/contestant/6535/scorecard.htm
4.0,5.0,5.0,6.0,4.0,4.0,4.0,5.0,4.0,3.0,5.0,5.0,3.0,5.0,4.0,4.0,3.0,6.0,Match Play Qualifying - Brandon Wilson Scorecard | WSGA,https://wsga.bluegolf.com/bluegolf/wsga15/event/wsga1556/contest/4/contestant/6464/scorecard.htm
4.0,5.0,5.0,5.0,4.0,4.0,3.0,5.0,4.0,3.0,4.0,4.0,3.0,5.0,7.0,5.0,3.0,6.0,Match Play Qualifying - Jason Jochem Scorecard | WSGA,https://wsga.bluegolf.com/bluegolf/wsga15/event/wsga1556/contest/4/contestant/6410/scorecard.htm
5.0,4.0,5.0,6.0,2.0,5.0,3.0,4.0,5.0,3.0,5.0,5.0,4.0,4.0,5.0,3.0,4.0,7.0,Match Play Qualifying - Clint Slizewski Scorecard | WSGA,https://wsga.bluegolf.com/bluegolf/wsga15/event/wsga1556/contest/4/contestant/6449/scorecard.htm
6.0,3.0,5.0,5.0,4.0,5.0,3.0,3.0,4.0,3.0,5.0,5.0,3.0,8.0,5.0,4.0,3.0,5.0,Match Play Qualifying - Justin Rowe Scorecard | WSGA,https://wsga.bluegolf.com/bluegolf/wsga15/event/wsga1556/contest/4/contestant/6469/scorecard.htm
4.0,4.0,5.0,4.0,4.0,4.0,4.0,4.0,5.0,3.0,4.0,7.0,6.0,4.0,4.0,5.0,3.0,6.0,Match Play Qualifying - Adam Kosa Scorecard | WSGA,https://wsga.bluegolf.com/bluegolf/wsga15/event/wsga1556/contest/4/contestant/6413/scorecard.htm
4.0,4.0,5.0,6.0,3.0,4.0,4.0,4.0,6.0,4.0,5.0,7.0,4.0,3.0,5.0,4.0,3.0,5.0,Match Play Qualifying - Nathan Kannenberg Scorecard | WSGA,https://wsga.bluegolf.com/bluegolf/wsga15/event/wsga1556/contest/4/contestant/6422/scorecard.htm
4.0,4.0,4.0,5.0,3.0,4.0,3.0,4.0,5.0,4.0,5.0,6.0,3.0,7.0,6.0,5.0,5.0,4.0,Match Play Qualifying - Matt Masterson Scorecard | WSGA,https://wsga.bluegolf.com/bluegolf/wsga15/event/wsga1556/contest/4/contestant/6569/scorecard.htm
4.0,4.0,5.0,5.0,3.0,4.0,3.0,5.0,5.0,3.0,5.0,5.0,3.0,7.0,5.0,6.0,3.0,6.0,Match Play Qualifying - Tyler Raatz Scorecard | WSGA,https://wsga.bluegolf.com/bluegolf/wsga15/event/wsga1556/contest/4/contestant/6392/scorecard.htm
6.0,4.0,5.0,5.0,2.0,5.0,4.0,5.0,5.0,4.0,5.0,6.0,2.0,6.0,5.0,4.0,3.0,5.0,Match Play Qualifying - Nathan Gilbert Scorecard | WSGA,https://wsga.bluegolf.com/bluegolf/wsga15/event/wsga1556/contest/4/contestant/6475/scorecard.htm
5.0,5.0,5.0,5.0,6.0,4.0,2.0,6.0,6.0,3.0,4.0,5.0,4.0,6.0,4.0,4.0,4.0,4.0,Match Play Qualifying - Eric Cichy Scorecard | WSGA,https://wsga.bluegolf.com/bluegolf/wsga15/event/wsga1556/contest/4/contestant/6407/scorecard.htm
3.0,3.0,6.0,6.0,4.0,4.0,3.0,6.0,5.0,5.0,5.0,5.0,4.0,5.0,6.0,5.0,3.0,4.0,Match Play Qualifying - Gregory Leifel Scorecard | WSGA,https://wsga.bluegolf.com/bluegolf/wsga15/event/wsga1556/contest/4/contestant/6440/scorecard.htm
4.0,4.0,5.0,5.0,3.0,5.0,3.0,6.0,5.0,3.0,5.0,5.0,3.0,7.0,6.0,4.0,4.0,5.0,Match Play Qualifying - Joseph Kapugia Scorecard | WSGA,https://wsga.bluegolf.com/bluegolf/wsga15/event/wsga1556/contest/4/contestant/6416/scorecard.htm
4.0,5.0,6.0,5.0,4.0,4.0,3.0,5.0,5.0,2.0,4.0,5.0,3.0,8.0,5.0,7.0,2.0,5.0,Match Play Qualifying - Mark Analla Scorecard | WSGA,https://wsga.bluegolf.com/bluegolf/wsga15/event/wsga1556/contest/4/contestant/6481/scorecard.htm
4.0,5.0,4.0,5.0,4.0,4.0,4.0,4.0,5.0,4.0,4.0,4.0,5.0,7.0,5.0,6.0,4.0,5.0,Match Play Qualifying - Benjamin Groonwald Scorecard | WSGA,https://wsga.bluegolf.com/bluegolf/wsga15/event/wsga1556/contest/4/contestant/6446/scorecard.htm
4.0,4.0,6.0,6.0,3.0,5.0,4.0,4.0,6.0,4.0,4.0,5.0,3.0,5.0,6.0,4.0,3.0,7.0,Match Play Qualifying - Patrick Schmitt Scorecard | WSGA,https://wsga.bluegolf.com/bluegolf/wsga15/event/wsga1556/contest/4/contestant/6428/scorecard.htm
6.0,5.0,5.0,6.0,4.0,4.0,2.0,5.0,5.0,4.0,4.0,5.0,5.0,5.0,4.0,4.0,3.0,7.0,Match Play Qualifying - Jim Teymer Scorecard | WSGA,https://wsga.bluegolf.com/bluegolf/wsga15/event/wsga1556/contest/4/contestant/6455/scorecard.htm
5.0,3.0,5.0,6.0,3.0,5.0,3.0,4.0,5.0,5.0,4.0,5.0,4.0,6.0,6.0,5.0,4.0,5.0,Match Play Qualifying - Patrick Gorman Scorecard | WSGA,https://wsga.bluegolf.com/bluegolf/wsga15/event/wsga1556/contest/4/contestant/6725/scorecard.htm
6.0,5.0,7.0,6.0,3.0,4.0,4.0,4.0,5.0,4.0,5.0,5.0,4.0,5.0,4.0,5.0,3.0,4.0,Match Play Qualifying - Alex North Scorecard | WSGA,https://wsga.bluegolf.com/bluegolf/wsga15/event/wsga1556/contest/4/contestant/6386/scorecard.htm
4.0,4.0,6.0,6.0,5.0,4.0,4.0,5.0,6.0,3.0,5.0,5.0,4.0,4.0,5.0,4.0,5.0,5.0,Match Play Qualifying - David Bach Scorecard | WSGA,https://wsga.bluegolf.com/bluegolf/wsga15/event/wsga1556/contest/4/contestant/6532/scorecard.htm
6.0,4.0,5.0,6.0,4.0,4.0,3.0,4.0,5.0,3.0,5.0,6.0,4.0,7.0,5.0,5.0,3.0,6.0,Match Play Qualifying - Brady Spielbauer Scorecard | WSGA,https://wsga.bluegolf.com/bluegolf/wsga15/event/wsga1556/contest/4/contestant/6490/scorecard.htm
5.0,4.0,5.0,5.0,5.0,4.0,3.0,4.0,5.0,6.0,5.0,5.0,4.0,6.0,6.0,4.0,3.0,6.0,Match Play Qualifying - Tanner Keel Scorecard | WSGA,https://wsga.bluegolf.com/bluegolf/wsga15/event/wsga1556/contest/4/contestant/6505/scorecard.htm
4.0,3.0,5.0,6.0,4.0,5.0,4.0,8.0,5.0,4.0,6.0,5.0,4.0,6.0,4.0,5.0,2.0,5.0,Match Play Qualifying - Matthew Feller Scorecard | WSGA,https://wsga.bluegolf.com/bluegolf/wsga15/event/wsga1556/contest/4/contestant/6496/scorecard.htm
4.0,3.0,6.0,5.0,4.0,5.0,4.0,4.0,4.0,3.0,4.0,9.0,4.0,6.0,7.0,4.0,4.0,6.0,Match Play Qualifying - Jonas Laursen Scorecard | WSGA,https://wsga.bluegolf.com/bluegolf/wsga15/event/wsga1556/contest/4/contestant/6461/scorecard.htm
4.0,4.0,5.0,6.0,3.0,5.0,3.0,6.0,5.0,6.0,5.0,5.0,3.0,6.0,6.0,5.0,4.0,5.0,Match Play Qualifying - Ben Wiora Scorecard | WSGA,https://wsga.bluegolf.com/bluegolf/wsga15/event/wsga1556/contest/4/contestant/6443/scorecard.htm
4.0,4.0,5.0,5.0,4.0,5.0,4.0,6.0,4.0,4.0,5.0,8.0,5.0,5.0,4.0,5.0,3.0,6.0,Match Play Qualifying - Kyle Hubertz Scorecard | WSGA,https://wsga.bluegolf.com/bluegolf/wsga15/event/wsga1556/contest/4/contestant/6434/scorecard.htm
4.0,3.0,5.0,7.0,3.0,5.0,3.0,5.0,4.0,3.0,8.0,4.0,4.0,9.0,4.0,5.0,5.0,5.0,Match Play Qualifying - Clint Carey Scorecard | WSGA,https://wsga.bluegolf.com/bluegolf/wsga15/event/wsga1556/contest/4/contestant/6377/scorecard.htm
4.0,6.0,6.0,5.0,3.0,5.0,3.0,5.0,7.0,4.0,6.0,5.0,3.0,4.0,6.0,5.0,3.0,6.0,Match Play Qualifying - Bill Holden Scorecard | WSGA,https://wsga.bluegolf.com/bluegolf/wsga15/event/wsga1556/contest/4/contestant/6380/scorecard.htm
5.0,3.0,6.0,7.0,4.0,5.0,3.0,4.0,5.0,4.0,6.0,6.0,4.0,4.0,6.0,6.0,5.0,5.0,Match Play Qualifying - Will Waller Scorecard | WSGA,https://wsga.bluegolf.com/bluegolf/wsga15/event/wsga1556/contest/4/contestant/6728/scorecard.htm
4.0,3.0,5.0,5.0,4.0,4.0,4.0,6.0,6.0,5.0,5.0,5.0,4.0,9.0,6.0,5.0,3.0,5.0,Match Play Qualifying - Ryan Jensen Scorecard | WSGA,https://wsga.bluegolf.com/bluegolf/wsga15/event/wsga1556/contest/4/contestant/6478/scorecard.htm
4.0,5.0,7.0,7.0,3.0,4.0,3.0,5.0,5.0,4.0,5.0,5.0,4.0,6.0,6.0,5.0,4.0,6.0,Match Play Qualifying - Kevin Entwistle Scorecard | WSGA,https://wsga.bluegolf.com/bluegolf/wsga15/event/wsga1556/contest/4/contestant/6389/scorecard.htm
4.0,6.0,7.0,5.0,3.0,6.0,4.0,4.0,5.0,4.0,7.0,6.0,5.0,5.0,4.0,4.0,4.0,6.0,Match Play Qualifying - Mike Aumann Scorecard | WSGA,https://wsga.bluegolf.com/bluegolf/wsga15/event/wsga1556/contest/4/contestant/6401/scorecard.htm
4.0,4.0,6.0,6.0,7.0,3.0,5.0,4.0,5.0,4.0,7.0,3.0,3.0,7.0,7.0,6.0,4.0,6.0,Match Play Qualifying - Nathan Rego Scorecard | WSGA,https://wsga.bluegolf.com/bluegolf/wsga15/event/wsga1556/contest/4/contestant/6508/scorecard.htm
9.0,4.0,5.0,6.0,5.0,5.0,5.0,4.0,7.0,3.0,5.0,4.0,3.0,6.0,8.0,4.0,3.0,5.0,Match Play Qualifying - Casslan Neesam Scorecard | WSGA,https://wsga.bluegolf.com/bluegolf/wsga15/event/wsga1556/contest/4/contestant/6528/scorecard.htm
7.0,5.0,4.0,6.0,5.0,5.0,4.0,5.0,5.0,4.0,4.0,7.0,4.0,6.0,8.0,4.0,5.0,6.0,Match Play Qualifying - Anthony Rocha Scorecard | WSGA,https://wsga.bluegolf.com/bluegolf/wsga15/event/wsga1556/contest/4/contestant/6516/scorecard.htm
6.0,5.0,8.0,6.0,6.0,5.0,4.0,3.0,5.0,4.0,6.0,5.0,5.0,6.0,5.0,5.0,4.0,6.0,Match Play Qualifying - Jake Bengtson Scorecard | WSGA,https://wsga.bluegolf.com/bluegolf/wsga15/event/wsga1556/contest/4/contestant/6404/scorecard.htm
6.0,5.0,5.0,8.0,3.0,6.0,4.0,7.0,5.0,4.0,7.0,5.0,5.0,6.0,5.0,5.0,4.0,6.0,Match Play Qualifying - Kurt Peter Scorecard | WSGA,https://wsga.bluegolf.com/bluegolf/wsga15/event/wsga1556/contest/4/contestant/6525/scorecard.htm
4.0,4.0,3.0,4.0,3.0,4.0,3.0,4.0,4.0,3.0,5.0,4.0,4.0,5.0,4.0,5.0,2.0,4.0,Match Play Qualifier-Dist. #5(H.S. Only) - Thomas Longbella Scorecard | WSGA,https://wsga.bluegolf.com/bluegolf/wsga14/event/wsga1437/contest/1/contestant/2003/scorecard.htm
4.0,3.0,3.0,6.0,3.0,5.0,3.0,5.0,4.0,3.0,4.0,4.0,3.0,4.0,5.0,4.0,4.0,5.0,Match Play Qualifier-Dist. #5(H.S. Only) - Ryan Isaacson Scorecard | WSGA,https://wsga.bluegolf.com/bluegolf/wsga14/event/wsga1437/contest/1/contestant/2082/scorecard.htm
5.0,3.0,4.0,4.0,4.0,4.0,3.0,5.0,6.0,4.0,5.0,4.0,3.0,5.0,4.0,4.0,3.0,4.0,Match Play Qualifier-Dist. #5(H.S. Only) - Nathan Gilbert Scorecard | WSGA,https://wsga.bluegolf.com/bluegolf/wsga14/event/wsga1437/contest/1/contestant/2054/scorecard.htm
4.0,3.0,5.0,6.0,5.0,4.0,4.0,4.0,5.0,3.0,4.0,4.0,3.0,5.0,4.0,4.0,3.0,5.0,Match Play Qualifier-Dist. #5(H.S. Only) - Jake Hulberg Scorecard | WSGA,https://wsga.bluegolf.com/bluegolf/wsga14/event/wsga1437/contest/1/contestant/2066/scorecard.htm
6.0,3.0,4.0,5.0,4.0,4.0,4.0,4.0,5.0,3.0,6.0,6.0,4.0,4.0,3.0,3.0,3.0,4.0,Match Play Qualifier-Dist. #5(H.S. Only) - Sawyer Weiss Scorecard | WSGA,https://wsga.bluegolf.com/bluegolf/wsga14/event/wsga1437/contest/1/contestant/2051/scorecard.htm
4.0,3.0,5.0,7.0,4.0,4.0,3.0,3.0,6.0,2.0,5.0,5.0,2.0,5.0,4.0,4.0,4.0,5.0,Match Play Qualifier-Dist. #5(H.S. Only) - Mitch Wittmann Scorecard | WSGA,https://wsga.bluegolf.com/bluegolf/wsga14/event/wsga1437/contest/1/contestant/1997/scorecard.htm
5.0,3.0,5.0,4.0,3.0,5.0,3.0,5.0,6.0,3.0,4.0,4.0,4.0,4.0,4.0,4.0,4.0,6.0,Match Play Qualifier-Dist. #5(H.S. Only) - Shelem Vickers Scorecard | WSGA,https://wsga.bluegolf.com/bluegolf/wsga14/event/wsga1437/contest/1/contestant/2071/scorecard.htm
4.0,4.0,6.0,5.0,3.0,3.0,3.0,5.0,6.0,4.0,4.0,4.0,4.0,4.0,5.0,4.0,3.0,5.0,Match Play Qualifier-Dist. #5(H.S. Only) - Zach Hentrich Scorecard | WSGA,https://wsga.bluegolf.com/bluegolf/wsga14/event/wsga1437/contest/1/contestant/2012/scorecard.htm
4.0,4.0,4.0,5.0,3.0,4.0,4.0,4.0,8.0,3.0,4.0,5.0,3.0,6.0,4.0,4.0,3.0,4.0,Match Play Qualifier-Dist. #5(H.S. Only) - Max Murphy Scorecard | WSGA,https://wsga.bluegolf.com/bluegolf/wsga14/event/wsga1437/contest/1/contestant/2009/scorecard.htm
4.0,3.0,4.0,4.0,4.0,6.0,4.0,6.0,5.0,3.0,4.0,4.0,3.0,4.0,4.0,6.0,4.0,5.0,Match Play Qualifier-Dist. #5(H.S. Only) - Alan Lemons Scorecard | WSGA,https://wsga.bluegolf.com/bluegolf/wsga14/event/wsga1437/contest/1/contestant/2091/scorecard.htm
5.0,3.0,5.0,5.0,4.0,5.0,4.0,5.0,4.0,3.0,4.0,5.0,3.0,5.0,5.0,4.0,3.0,5.0,Match Play Qualifier-Dist. #5(H.S. Only) - Mathew J. Bachmann Scorecard | WSGA,https://wsga.bluegolf.com/bluegolf/wsga14/event/wsga1437/contest/1/contestant/2027/scorecard.htm
4.0,3.0,4.0,5.0,4.0,4.0,4.0,5.0,6.0,4.0,5.0,4.0,2.0,5.0,5.0,4.0,4.0,5.0,Match Play Qualifier-Dist. #5(H.S. Only) - Chapin Orr Scorecard | WSGA,https://wsga.bluegolf.com/bluegolf/wsga14/event/wsga1437/contest/1/contestant/2105/scorecard.htm
4.0,3.0,5.0,6.0,3.0,5.0,4.0,3.0,5.0,4.0,5.0,5.0,3.0,6.0,4.0,4.0,3.0,5.0,Match Play Qualifier-Dist. #5(H.S. Only) - Logan Handy Scorecard | WSGA,https://wsga.bluegolf.com/bluegolf/wsga14/event/wsga1437/contest/1/contestant/2036/scorecard.htm
4.0,3.0,5.0,6.0,4.0,5.0,4.0,5.0,5.0,4.0,5.0,4.0,3.0,5.0,3.0,4.0,4.0,5.0,Match Play Qualifier-Dist. #5(H.S. Only) - Austin Barr Scorecard | WSGA,https://wsga.bluegolf.com/bluegolf/wsga14/event/wsga1437/contest/1/contestant/2060/scorecard.htm
4.0,4.0,4.0,6.0,4.0,4.0,3.0,4.0,5.0,2.0,6.0,5.0,4.0,4.0,5.0,4.0,4.0,6.0,Match Play Qualifier-Dist. #5(H.S. Only) - Tyler Bee Scorecard | WSGA,https://wsga.bluegolf.com/bluegolf/wsga14/event/wsga1437/contest/1/contestant/2000/scorecard.htm
6.0,3.0,4.0,6.0,3.0,4.0,4.0,5.0,5.0,3.0,4.0,4.0,4.0,6.0,5.0,4.0,3.0,5.0,Match Play Qualifier-Dist. #5(H.S. Only) - Matt Sieg Scorecard | WSGA,https://wsga.bluegolf.com/bluegolf/wsga14/event/wsga1437/contest/1/contestant/2039/scorecard.htm
4.0,3.0,5.0,5.0,3.0,5.0,3.0,4.0,5.0,3.0,5.0,4.0,4.0,6.0,6.0,4.0,4.0,6.0,Match Play Qualifier-Dist. #5(H.S. Only) - Dylan Allen Scorecard | WSGA,https://wsga.bluegolf.com/bluegolf/wsga14/event/wsga1437/contest/1/contestant/1994/scorecard.htm
4.0,4.0,4.0,5.0,3.0,4.0,4.0,4.0,7.0,3.0,4.0,5.0,4.0,5.0,7.0,4.0,3.0,5.0,Match Play Qualifier-Dist. #5(H.S. Only) - Jackson Eversoll Scorecard | WSGA,https://wsga.bluegolf.com/bluegolf/wsga14/event/wsga1437/contest/1/contestant/2024/scorecard.htm
5.0,3.0,4.0,5.0,4.0,4.0,3.0,5.0,4.0,4.0,4.0,4.0,3.0,6.0,10.0,5.0,3.0,4.0,Match Play Qualifier-Dist. #5(H.S. Only) - Kaylor Steger Scorecard | WSGA,https://wsga.bluegolf.com/bluegolf/wsga14/event/wsga1437/contest/1/contestant/1990/scorecard.htm
5.0,3.0,5.0,5.0,4.0,3.0,3.0,3.0,6.0,5.0,5.0,6.0,3.0,7.0,4.0,5.0,3.0,5.0,Match Play Qualifier-Dist. #5(H.S. Only) - Ian Statz Scorecard | WSGA,https://wsga.bluegolf.com/bluegolf/wsga14/event/wsga1437/contest/1/contestant/2079/scorecard.htm
5.0,4.0,4.0,6.0,4.0,5.0,3.0,3.0,5.0,5.0,5.0,5.0,3.0,5.0,8.0,3.0,4.0,4.0,Match Play Qualifier-Dist. #5(H.S. Only) - Jonah Buss Scorecard | WSGA,https://wsga.bluegolf.com/bluegolf/wsga14/event/wsga1437/contest/1/contestant/2018/scorecard.htm
4.0,4.0,6.0,5.0,3.0,4.0,3.0,5.0,7.0,4.0,5.0,5.0,3.0,7.0,5.0,4.0,3.0,5.0,Match Play Qualifier-Dist. #5(H.S. Only) - Phillip Boldt Scorecard | WSGA,https://wsga.bluegolf.com/bluegolf/wsga14/event/wsga1437/contest/1/contestant/2088/scorecard.htm
5.0,4.0,5.0,6.0,4.0,4.0,4.0,5.0,5.0,3.0,5.0,5.0,3.0,5.0,5.0,4.0,4.0,6.0,Match Play Qualifier-Dist. #5(H.S. Only) - Blake Heiman Scorecard | WSGA,https://wsga.bluegolf.com/bluegolf/wsga14/event/wsga1437/contest/1/contestant/2021/scorecard.htm
4.0,4.0,4.0,5.0,3.0,4.0,4.0,5.0,7.0,3.0,6.0,5.0,4.0,5.0,5.0,5.0,4.0,5.0,Match Play Qualifier-Dist. #5(H.S. Only) - David Keane Scorecard | WSGA,https://wsga.bluegolf.com/bluegolf/wsga14/event/wsga1437/contest/1/contestant/2045/scorecard.htm
5.0,4.0,4.0,5.0,4.0,4.0,3.0,4.0,6.0,4.0,5.0,5.0,3.0,7.0,5.0,4.0,4.0,6.0,Match Play Qualifier-Dist. #5(H.S. Only) - Kyle Tanriverdi Scorecard | WSGA,https://wsga.bluegolf.com/bluegolf/wsga14/event/wsga1437/contest/1/contestant/2094/scorecard.htm
5.0,4.0,5.0,5.0,4.0,4.0,3.0,6.0,6.0,4.0,4.0,4.0,4.0,7.0,4.0,7.0,3.0,4.0,Match Play Qualifier-Dist. #5(H.S. Only) - Bennett Hutson Scorecard | WSGA,https://wsga.bluegolf.com/bluegolf/wsga14/event/wsga1437/contest/1/contestant/2063/scorecard.htm
5.0,4.0,6.0,5.0,5.0,5.0,3.0,5.0,5.0,4.0,7.0,6.0,3.0,5.0,5.0,4.0,4.0,4.0,Match Play Qualifier-Dist. #5(H.S. Only) - Daniel Romero Scorecard | WSGA,https://wsga.bluegolf.com/bluegolf/wsga14/event/wsga1437/contest/1/contestant/2006/scorecard.htm
6.0,3.0,5.0,5.0,3.0,5.0,4.0,6.0,6.0,3.0,7.0,5.0,3.0,6.0,5.0,6.0,4.0,6.0,Match Play Qualifier-Dist. #5(H.S. Only) - Carson Torhorst Scorecard | WSGA,https://wsga.bluegolf.com/bluegolf/wsga14/event/wsga1437/contest/1/contestant/2097/scorecard.htm
4.0,3.0,7.0,5.0,4.0,5.0,5.0,5.0,5.0,4.0,5.0,6.0,3.0,4.0,8.0,4.0,5.0,7.0,Match Play Qualifier-Dist. #5(H.S. Only) - Mathew Higley Scorecard | WSGA,https://wsga.bluegolf.com/bluegolf/wsga14/event/wsga1437/contest/1/contestant/2100/scorecard.htm
5.0,4.0,5.0,4.0,3.0,5.0,4.0,8.0,6.0,5.0,5.0,6.0,5.0,4.0,6.0,5.0,4.0,5.0,Match Play Qualifier-Dist. #5(H.S. Only) - Kole Hallmark Scorecard | WSGA,https://wsga.bluegolf.com/bluegolf/wsga14/event/wsga1437/contest/1/contestant/2015/scorecard.htm
8.0,4.0,5.0,6.0,3.0,4.0,4.0,5.0,5.0,4.0,4.0,4.0,3.0,7.0,5.0,6.0,4.0,10.0,Match Play Qualifier-Dist. #5(H.S. Only) - Joe Markgren Scorecard | WSGA,https://wsga.bluegolf.com/bluegolf/wsga14/event/wsga1437/contest/1/contestant/2076/scorecard.htm
4.0,4.0,5.0,7.0,3.0,5.0,3.0,4.0,6.0,4.0,5.0,5.0,4.0,5.0,6.0,4.0,5.0,13.0,Match Play Qualifier-Dist. #5(H.S. Only) - Alexander Haas Scorecard | WSGA,https://wsga.bluegolf.com/bluegolf/wsga14/event/wsga1437/contest/1/contestant/1993/scorecard.htm
4.0,3.0,4.0,4.0,3.0,4.0,2.0,3.0,4.0,3.0,4.0,4.0,5.0,4.0,5.0,4.0,3.0,4.0,State Amateur Qualifying-Dist. #4  - Sam Frank Scorecard | WSGA,https://wsga.bluegolf.com/bluegolf/wsga12/event/wsga1243/contest/1/contestant/7800/scorecard.htm
3.0,3.0,5.0,5.0,3.0,4.0,4.0,4.0,5.0,3.0,4.0,4.0,3.0,4.0,4.0,3.0,3.0,4.0,State Amateur Qualifying-Dist. #4  - Mitchell Johnson Scorecard | WSGA,https://wsga.bluegolf.com/bluegolf/wsga12/event/wsga1243/contest/1/contestant/7670/scorecard.htm
4.0,2.0,4.0,5.0,3.0,4.0,4.0,4.0,6.0,2.0,5.0,4.0,3.0,5.0,4.0,4.0,3.0,4.0,State Amateur Qualifying-Dist. #4  - Brent Quade Scorecard | WSGA,https://wsga.bluegolf.com/bluegolf/wsga12/event/wsga1243/contest/1/contestant/7825/scorecard.htm
6.0,4.0,4.0,5.0,2.0,4.0,3.0,3.0,5.0,3.0,4.0,4.0,4.0,4.0,5.0,4.0,3.0,4.0,State Amateur Qualifying-Dist. #4  - Sean Murphy Scorecard | WSGA,https://wsga.bluegolf.com/bluegolf/wsga12/event/wsga1243/contest/1/contestant/7769/scorecard.htm
3.0,4.0,6.0,6.0,3.0,4.0,3.0,4.0,4.0,3.0,4.0,4.0,4.0,4.0,5.0,3.0,3.0,5.0,State Amateur Qualifying-Dist. #4  - Evan Wartgow Scorecard | WSGA,https://wsga.bluegolf.com/bluegolf/wsga12/event/wsga1243/contest/1/contestant/7675/scorecard.htm
4.0,3.0,4.0,5.0,3.0,4.0,3.0,5.0,5.0,4.0,4.0,4.0,3.0,4.0,4.0,4.0,4.0,5.0,State Amateur Qualifying-Dist. #4  - R.J. Budd Scorecard | WSGA,https://wsga.bluegolf.com/bluegolf/wsga12/event/wsga1243/contest/1/contestant/7811/scorecard.htm
5.0,3.0,4.0,5.0,3.0,4.0,3.0,5.0,4.0,3.0,4.0,4.0,4.0,4.0,4.0,4.0,4.0,5.0,State Amateur Qualifying-Dist. #4  - Zach Gaugert Scorecard | WSGA,https://wsga.bluegolf.com/bluegolf/wsga12/event/wsga1243/contest/1/contestant/7916/scorecard.htm
4.0,3.0,4.0,6.0,3.0,5.0,3.0,3.0,6.0,4.0,4.0,4.0,3.0,4.0,4.0,6.0,3.0,4.0,State Amateur Qualifying-Dist. #4  - Michael Murphy Scorecard | WSGA,https://wsga.bluegolf.com/bluegolf/wsga12/event/wsga1243/contest/1/contestant/7868/scorecard.htm
4.0,4.0,5.0,5.0,3.0,4.0,4.0,4.0,6.0,3.0,4.0,4.0,3.0,4.0,4.0,3.0,4.0,5.0,State Amateur Qualifying-Dist. #4  - Henry Klongland Scorecard | WSGA,https://wsga.bluegolf.com/bluegolf/wsga12/event/wsga1243/contest/1/contestant/7666/scorecard.htm
4.0,3.0,4.0,5.0,3.0,4.0,4.0,5.0,4.0,3.0,5.0,5.0,3.0,5.0,4.0,4.0,4.0,5.0,State Amateur Qualifying-Dist. #4  - Josh Udelhofen Scorecard | WSGA,https://wsga.bluegolf.com/bluegolf/wsga12/event/wsga1243/contest/1/contestant/7865/scorecard.htm
4.0,4.0,4.0,5.0,3.0,4.0,5.0,5.0,5.0,3.0,5.0,5.0,3.0,5.0,4.0,3.0,3.0,4.0,State Amateur Qualifying-Dist. #4  - Brady Keegan Scorecard | WSGA,https://wsga.bluegolf.com/bluegolf/wsga12/event/wsga1243/contest/1/contestant/7713/scorecard.htm
4.0,3.0,4.0,6.0,3.0,5.0,3.0,3.0,4.0,4.0,4.0,5.0,3.0,5.0,5.0,5.0,4.0,5.0,State Amateur Qualifying-Dist. #4  - Tyler Schmidt Scorecard | WSGA,https://wsga.bluegolf.com/bluegolf/wsga12/event/wsga1243/contest/1/contestant/7720/scorecard.htm
4.0,4.0,4.0,8.0,2.0,4.0,3.0,4.0,5.0,3.0,5.0,5.0,4.0,4.0,5.0,5.0,3.0,3.0,State Amateur Qualifying-Dist. #4  - Joshua VandenBush Scorecard | WSGA,https://wsga.bluegolf.com/bluegolf/wsga12/event/wsga1243/contest/1/contestant/7822/scorecard.htm
4.0,3.0,6.0,6.0,4.0,3.0,3.0,5.0,6.0,3.0,4.0,4.0,3.0,4.0,4.0,5.0,4.0,4.0,State Amateur Qualifying-Dist. #4  - David Hackworthy Scorecard | WSGA,https://wsga.bluegolf.com/bluegolf/wsga12/event/wsga1243/contest/1/contestant/7903/scorecard.htm
4.0,3.0,5.0,5.0,4.0,4.0,3.0,6.0,4.0,3.0,5.0,5.0,3.0,5.0,4.0,4.0,3.0,5.0,State Amateur Qualifying-Dist. #4  - Mark Dalebroux Scorecard | WSGA,https://wsga.bluegolf.com/bluegolf/wsga12/event/wsga1243/contest/1/contestant/7690/scorecard.htm
4.0,5.0,4.0,5.0,3.0,5.0,3.0,4.0,5.0,3.0,4.0,4.0,3.0,5.0,4.0,5.0,3.0,6.0,State Amateur Qualifying-Dist. #4  - Martin Westley Scorecard | WSGA,https://wsga.bluegolf.com/bluegolf/wsga12/event/wsga1243/contest/1/contestant/7751/scorecard.htm
4.0,3.0,4.0,6.0,4.0,4.0,3.0,4.0,7.0,3.0,5.0,4.0,3.0,4.0,4.0,5.0,3.0,6.0,State Amateur Qualifying-Dist. #4  - Kyle Bruce Scorecard | WSGA,https://wsga.bluegolf.com/bluegolf/wsga12/event/wsga1243/contest/1/contestant/7705/scorecard.htm
4.0,4.0,4.0,6.0,4.0,4.0,4.0,5.0,5.0,3.0,4.0,4.0,3.0,5.0,4.0,5.0,3.0,5.0,State Amateur Qualifying-Dist. #4  - Patrick Cahill Scorecard | WSGA,https://wsga.bluegolf.com/bluegolf/wsga12/event/wsga1243/contest/1/contestant/7919/scorecard.htm
4.0,3.0,5.0,6.0,4.0,5.0,4.0,4.0,4.0,3.0,4.0,4.0,4.0,4.0,6.0,4.0,4.0,4.0,State Amateur Qualifying-Dist. #4  - Tyler Cobb Scorecard | WSGA,https://wsga.bluegolf.com/bluegolf/wsga12/event/wsga1243/contest/1/contestant/7858/scorecard.htm
6.0,4.0,4.0,5.0,3.0,3.0,3.0,5.0,4.0,4.0,5.0,5.0,4.0,4.0,4.0,4.0,4.0,5.0,State Amateur Qualifying-Dist. #4  - Mark Shulla Scorecard | WSGA,https://wsga.bluegolf.com/bluegolf/wsga12/event/wsga1243/contest/1/contestant/7898/scorecard.htm
3.0,3.0,5.0,6.0,3.0,4.0,5.0,4.0,6.0,3.0,3.0,5.0,4.0,6.0,5.0,4.0,3.0,5.0,State Amateur Qualifying-Dist. #4  - Pete Simon Scorecard | WSGA,https://wsga.bluegolf.com/bluegolf/wsga12/event/wsga1243/contest/1/contestant/7793/scorecard.htm
5.0,3.0,3.0,5.0,4.0,5.0,6.0,4.0,3.0,2.0,5.0,5.0,4.0,7.0,4.0,4.0,4.0,4.0,State Amateur Qualifying-Dist. #4  - Troy Bilderback Scorecard | WSGA,https://wsga.bluegolf.com/bluegolf/wsga12/event/wsga1243/contest/1/contestant/7846/scorecard.htm
5.0,4.0,4.0,6.0,3.0,5.0,4.0,4.0,5.0,3.0,3.0,6.0,3.0,4.0,5.0,4.0,3.0,6.0,State Amateur Qualifying-Dist. #4  - Ricky Howard Scorecard | WSGA,https://wsga.bluegolf.com/bluegolf/wsga12/event/wsga1243/contest/1/contestant/7748/scorecard.htm
4.0,4.0,5.0,6.0,3.0,5.0,3.0,4.0,5.0,4.0,5.0,4.0,3.0,4.0,5.0,4.0,4.0,5.0,State Amateur Qualifying-Dist. #4  - Patrick Schmitt Scorecard | WSGA,https://wsga.bluegolf.com/bluegolf/wsga12/event/wsga1243/contest/1/contestant/7757/scorecard.htm
5.0,3.0,5.0,5.0,3.0,3.0,3.0,5.0,5.0,3.0,5.0,5.0,4.0,5.0,5.0,4.0,4.0,5.0,State Amateur Qualifying-Dist. #4  - Matt Evenson Scorecard | WSGA,https://wsga.bluegolf.com/bluegolf/wsga12/event/wsga1243/contest/1/contestant/7708/scorecard.htm
5.0,2.0,5.0,6.0,4.0,5.0,3.0,4.0,5.0,3.0,6.0,5.0,4.0,4.0,3.0,5.0,3.0,5.0,State Amateur Qualifying-Dist. #4  - Clint Slizewski Scorecard | WSGA,https://wsga.bluegolf.com/bluegolf/wsga12/event/wsga1243/contest/1/contestant/7796/scorecard.htm
5.0,5.0,5.0,7.0,3.0,5.0,4.0,5.0,5.0,3.0,4.0,4.0,3.0,4.0,5.0,3.0,3.0,5.0,State Amateur Qualifying-Dist. #4  - Sam Nevins Scorecard | WSGA,https://wsga.bluegolf.com/bluegolf/wsga12/event/wsga1243/contest/1/contestant/7711/scorecard.htm
3.0,4.0,4.0,5.0,4.0,4.0,3.0,5.0,5.0,4.0,4.0,4.0,4.0,6.0,5.0,5.0,4.0,5.0,State Amateur Qualifying-Dist. #4  - Craig Hodgson Scorecard | WSGA,https://wsga.bluegolf.com/bluegolf/wsga12/event/wsga1243/contest/1/contestant/7778/scorecard.htm
4.0,4.0,4.0,6.0,3.0,5.0,4.0,5.0,5.0,3.0,4.0,5.0,3.0,4.0,4.0,6.0,4.0,5.0,State Amateur Qualifying-Dist. #4  - Caleb Baltes Scorecard | WSGA,https://wsga.bluegolf.com/bluegolf/wsga12/event/wsga1243/contest/1/contestant/7724/scorecard.htm
4.0,4.0,3.0,6.0,4.0,4.0,3.0,5.0,5.0,4.0,6.0,4.0,4.0,5.0,5.0,4.0,4.0,4.0,State Amateur Qualifying-Dist. #4  - Andrew Grow Scorecard | WSGA,https://wsga.bluegolf.com/bluegolf/wsga12/event/wsga1243/contest/1/contestant/7907/scorecard.htm
4.0,4.0,4.0,6.0,4.0,4.0,3.0,3.0,5.0,3.0,4.0,4.0,4.0,6.0,5.0,5.0,4.0,6.0,State Amateur Qualifying-Dist. #4  - Mitchell Kowaleski Scorecard | WSGA,https://wsga.bluegolf.com/bluegolf/wsga12/event/wsga1243/contest/1/contestant/7856/scorecard.htm
4.0,4.0,4.0,6.0,3.0,4.0,4.0,4.0,6.0,2.0,4.0,6.0,3.0,4.0,6.0,5.0,4.0,5.0,State Amateur Qualifying-Dist. #4  - Jim Teymer Scorecard | WSGA,https://wsga.bluegolf.com/bluegolf/wsga12/event/wsga1243/contest/1/contestant/7876/scorecard.htm
5.0,3.0,5.0,5.0,3.0,4.0,4.0,5.0,5.0,3.0,5.0,5.0,3.0,4.0,6.0,4.0,4.0,5.0,State Amateur Qualifying-Dist. #4  - Landon Vinger Scorecard | WSGA,https://wsga.bluegolf.com/bluegolf/wsga12/event/wsga1243/contest/1/contestant/7722/scorecard.htm
4.0,4.0,4.0,6.0,5.0,4.0,3.0,5.0,5.0,3.0,5.0,4.0,4.0,4.0,4.0,6.0,4.0,4.0,State Amateur Qualifying-Dist. #4  - Jason Jochem Scorecard | WSGA,https://wsga.bluegolf.com/bluegolf/wsga12/event/wsga1243/contest/1/contestant/7814/scorecard.htm
4.0,4.0,4.0,5.0,5.0,4.0,3.0,5.0,4.0,4.0,4.0,6.0,4.0,4.0,4.0,5.0,6.0,4.0,State Amateur Qualifying-Dist. #4  - Aaron Smith Scorecard | WSGA,https://wsga.bluegolf.com/bluegolf/wsga12/event/wsga1243/contest/1/contestant/7936/scorecard.htm
4.0,3.0,5.0,7.0,4.0,4.0,4.0,4.0,5.0,4.0,4.0,6.0,3.0,6.0,4.0,4.0,3.0,5.0,State Amateur Qualifying-Dist. #4  - Luke Bader Scorecard | WSGA,https://wsga.bluegolf.com/bluegolf/wsga12/event/wsga1243/contest/1/contestant/7831/scorecard.htm
4.0,4.0,5.0,6.0,3.0,5.0,3.0,6.0,5.0,3.0,5.0,4.0,4.0,4.0,4.0,3.0,6.0,5.0,State Amateur Qualifying-Dist. #4  - Marc Santaniello Scorecard | WSGA,https://wsga.bluegolf.com/bluegolf/wsga12/event/wsga1243/contest/1/contestant/7680/scorecard.htm
5.0,3.0,4.0,7.0,3.0,4.0,3.0,5.0,4.0,3.0,5.0,5.0,5.0,4.0,5.0,4.0,4.0,6.0,State Amateur Qualifying-Dist. #4  - Matt Gorman Scorecard | WSGA,https://wsga.bluegolf.com/bluegolf/wsga12/event/wsga1243/contest/1/contestant/7871/scorecard.htm
4.0,2.0,6.0,5.0,3.0,6.0,4.0,5.0,4.0,3.0,5.0,5.0,5.0,5.0,5.0,5.0,3.0,4.0,State Amateur Qualifying-Dist. #4  - Kevin Curliss Scorecard | WSGA,https://wsga.bluegolf.com/bluegolf/wsga12/event/wsga1243/contest/1/contestant/7754/scorecard.htm
4.0,4.0,5.0,6.0,4.0,4.0,3.0,4.0,6.0,4.0,5.0,4.0,4.0,6.0,5.0,5.0,3.0,4.0,State Amateur Qualifying-Dist. #4  - Matthew Gorski Scorecard | WSGA,https://wsga.bluegolf.com/bluegolf/wsga12/event/wsga1243/contest/1/contestant/7759/scorecard.htm
4.0,4.0,4.0,5.0,3.0,5.0,3.0,7.0,4.0,4.0,4.0,5.0,4.0,6.0,6.0,4.0,4.0,4.0,State Amateur Qualifying-Dist. #4  - Ben Brooks Scorecard | WSGA,https://wsga.bluegolf.com/bluegolf/wsga12/event/wsga1243/contest/1/contestant/7909/scorecard.htm
5.0,4.0,6.0,6.0,5.0,5.0,3.0,4.0,5.0,3.0,5.0,5.0,3.0,4.0,4.0,4.0,5.0,4.0,State Amateur Qualifying-Dist. #4  - Jesse Lehman Scorecard | WSGA,https://wsga.bluegolf.com/bluegolf/wsga12/event/wsga1243/contest/1/contestant/7773/scorecard.htm
5.0,4.0,4.0,6.0,4.0,5.0,3.0,4.0,4.0,4.0,4.0,5.0,4.0,4.0,6.0,5.0,4.0,5.0,State Amateur Qualifying-Dist. #4  - Scott Hird Scorecard | WSGA,https://wsga.bluegolf.com/bluegolf/wsga12/event/wsga1243/contest/1/contestant/7695/scorecard.htm
5.0,4.0,5.0,6.0,4.0,3.0,3.0,5.0,5.0,5.0,5.0,5.0,3.0,4.0,5.0,5.0,4.0,4.0,State Amateur Qualifying-Dist. #4  - Keegan English Scorecard | WSGA,https://wsga.bluegolf.com/bluegolf/wsga12/event/wsga1243/contest/1/contestant/7741/scorecard.htm
5.0,3.0,4.0,6.0,3.0,6.0,3.0,4.0,5.0,3.0,5.0,4.0,4.0,4.0,6.0,5.0,5.0,5.0,State Amateur Qualifying-Dist. #4  - Nathan Gilbert Scorecard | WSGA,https://wsga.bluegolf.com/bluegolf/wsga12/event/wsga1243/contest/1/contestant/7878/scorecard.htm
4.0,3.0,5.0,6.0,4.0,5.0,4.0,5.0,6.0,3.0,3.0,5.0,4.0,5.0,6.0,5.0,4.0,4.0,State Amateur Qualifying-Dist. #4  - Jeff Sininger Scorecard | WSGA,https://wsga.bluegolf.com/bluegolf/wsga12/event/wsga1243/contest/1/contestant/7862/scorecard.htm
4.0,4.0,6.0,6.0,4.0,5.0,3.0,5.0,4.0,3.0,4.0,5.0,4.0,5.0,4.0,5.0,4.0,6.0,State Amateur Qualifying-Dist. #4  - Dirk Todd Scorecard | WSGA,https://wsga.bluegolf.com/bluegolf/wsga12/event/wsga1243/contest/1/contestant/7739/scorecard.htm
6.0,4.0,7.0,4.0,4.0,4.0,3.0,6.0,4.0,3.0,5.0,4.0,4.0,4.0,4.0,4.0,4.0,7.0,State Amateur Qualifying-Dist. #4  - Mike Kowaleski Scorecard | WSGA,https://wsga.bluegolf.com/bluegolf/wsga12/event/wsga1243/contest/1/contestant/7802/scorecard.htm
5.0,3.0,5.0,6.0,3.0,5.0,4.0,7.0,4.0,5.0,4.0,5.0,4.0,5.0,3.0,5.0,3.0,6.0,State Amateur Qualifying-Dist. #4  - Chazz Huston Scorecard | WSGA,https://wsga.bluegolf.com/bluegolf/wsga12/event/wsga1243/contest/1/contestant/7693/scorecard.htm
4.0,4.0,5.0,5.0,5.0,6.0,3.0,4.0,5.0,4.0,5.0,5.0,3.0,5.0,4.0,5.0,4.0,6.0,State Amateur Qualifying-Dist. #4  - Troy Goodweiler Scorecard | WSGA,https://wsga.bluegolf.com/bluegolf/wsga12/event/wsga1243/contest/1/contestant/7790/scorecard.htm
5.0,4.0,4.0,5.0,4.0,5.0,5.0,5.0,5.0,3.0,5.0,5.0,4.0,4.0,6.0,5.0,3.0,6.0,State Amateur Qualifying-Dist. #4  - Ryan Gannon Scorecard | WSGA,https://wsga.bluegolf.com/bluegolf/wsga12/event/wsga1243/contest/1/contestant/7687/scorecard.htm
5.0,7.0,5.0,6.0,2.0,3.0,4.0,5.0,5.0,4.0,4.0,6.0,3.0,4.0,6.0,5.0,4.0,5.0,State Amateur Qualifying-Dist. #4  - Ben Opsal Scorecard | WSGA,https://wsga.bluegolf.com/bluegolf/wsga12/event/wsga1243/contest/1/contestant/7817/scorecard.htm
4.0,3.0,5.0,6.0,4.0,5.0,4.0,6.0,4.0,3.0,8.0,6.0,4.0,5.0,4.0,4.0,3.0,5.0,State Amateur Qualifying-Dist. #4  - Jared Ahearn Scorecard | WSGA,https://wsga.bluegolf.com/bluegolf/wsga12/event/wsga1243/contest/1/contestant/7892/scorecard.htm
5.0,3.0,5.0,6.0,5.0,5.0,6.0,3.0,4.0,3.0,4.0,8.0,4.0,5.0,5.0,3.0,3.0,7.0,State Amateur Qualifying-Dist. #4  - Charlie Hackworthy Scorecard | WSGA,https://wsga.bluegolf.com/bluegolf/wsga12/event/wsga1243/contest/1/contestant/7901/scorecard.htm
4.0,4.0,6.0,6.0,3.0,5.0,5.0,5.0,5.0,4.0,5.0,4.0,3.0,5.0,5.0,5.0,5.0,5.0,State Amateur Qualifying-Dist. #4  - Cory Sokol Scorecard | WSGA,https://wsga.bluegolf.com/bluegolf/wsga12/event/wsga1243/contest/1/contestant/7850/scorecard.htm
4.0,5.0,5.0,5.0,5.0,4.0,4.0,5.0,5.0,3.0,7.0,5.0,4.0,5.0,5.0,5.0,4.0,4.0,State Amateur Qualifying-Dist. #4  - Gage Maurer Scorecard | WSGA,https://wsga.bluegolf.com/bluegolf/wsga12/event/wsga1243/contest/1/contestant/7717/scorecard.htm
6.0,4.0,5.0,6.0,4.0,6.0,4.0,5.0,5.0,4.0,4.0,4.0,3.0,5.0,6.0,4.0,4.0,5.0,State Amateur Qualifying-Dist. #4  - Thomas Le Scorecard | WSGA,https://wsga.bluegolf.com/bluegolf/wsga12/event/wsga1243/contest/1/contestant/7784/scorecard.htm
6.0,4.0,4.0,4.0,4.0,4.0,3.0,4.0,5.0,4.0,5.0,7.0,5.0,5.0,6.0,5.0,4.0,5.0,State Amateur Qualifying-Dist. #4  - Aaron Katzfey Scorecard | WSGA,https://wsga.bluegolf.com/bluegolf/wsga12/event/wsga1243/contest/1/contestant/7727/scorecard.htm
4.0,3.0,5.0,5.0,4.0,5.0,4.0,6.0,5.0,4.0,6.0,5.0,6.0,4.0,5.0,4.0,3.0,6.0,State Amateur Qualifying-Dist. #4  - Jeff Kaether Scorecard | WSGA,https://wsga.bluegolf.com/bluegolf/wsga12/event/wsga1243/contest/1/contestant/7884/scorecard.htm
5.0,4.0,6.0,5.0,4.0,4.0,5.0,3.0,5.0,3.0,5.0,5.0,5.0,5.0,5.0,5.0,5.0,5.0,State Amateur Qualifying-Dist. #4  - Jacob Cole Scorecard | WSGA,https://wsga.bluegolf.com/bluegolf/wsga12/event/wsga1243/contest/1/contestant/7874/scorecard.htm
4.0,6.0,5.0,7.0,4.0,5.0,4.0,3.0,5.0,5.0,4.0,6.0,4.0,5.0,5.0,4.0,4.0,4.0,State Amateur Qualifying-Dist. #4  - Jeremy Klosowski Scorecard | WSGA,https://wsga.bluegolf.com/bluegolf/wsga12/event/wsga1243/contest/1/contestant/7798/scorecard.htm
6.0,4.0,4.0,6.0,4.0,4.0,3.0,7.0,5.0,3.0,7.0,5.0,4.0,4.0,5.0,4.0,3.0,6.0,State Amateur Qualifying-Dist. #4  - Matt Pisching Scorecard | WSGA,https://wsga.bluegolf.com/bluegolf/wsga12/event/wsga1243/contest/1/contestant/7733/scorecard.htm
7.0,5.0,6.0,8.0,5.0,5.0,2.0,3.0,4.0,3.0,5.0,5.0,3.0,4.0,6.0,4.0,3.0,6.0,State Amateur Qualifying-Dist. #4  - Scott Beach Scorecard | WSGA,https://wsga.bluegolf.com/bluegolf/wsga12/event/wsga1243/contest/1/contestant/7771/scorecard.htm
6.0,4.0,6.0,6.0,3.0,8.0,3.0,4.0,5.0,4.0,5.0,4.0,4.0,5.0,5.0,4.0,4.0,5.0,State Amateur Qualifying-Dist. #4  - Bill Holden Scorecard | WSGA,https://wsga.bluegolf.com/bluegolf/wsga12/event/wsga1243/contest/1/contestant/7668/scorecard.htm
4.0,4.0,5.0,5.0,3.0,5.0,4.0,6.0,5.0,4.0,5.0,5.0,4.0,6.0,7.0,5.0,3.0,6.0,State Amateur Qualifying-Dist. #4  - John Weyenberg Scorecard | WSGA,https://wsga.bluegolf.com/bluegolf/wsga12/event/wsga1243/contest/1/contestant/7745/scorecard.htm
5.0,2.0,5.0,6.0,4.0,6.0,4.0,6.0,5.0,5.0,4.0,6.0,4.0,7.0,4.0,5.0,3.0,6.0,State Amateur Qualifying-Dist. #4  - Troy Migut Scorecard | WSGA,https://wsga.bluegolf.com/bluegolf/wsga12/event/wsga1243/contest/1/contestant/7699/scorecard.htm
4.0,6.0,6.0,6.0,5.0,4.0,4.0,4.0,7.0,5.0,5.0,4.0,3.0,5.0,7.0,5.0,3.0,4.0,State Amateur Qualifying-Dist. #4  - Austin Kendziorski Scorecard | WSGA,https://wsga.bluegolf.com/bluegolf/wsga12/event/wsga1243/contest/1/contestant/7933/scorecard.htm
4.0,3.0,5.0,5.0,5.0,6.0,3.0,9.0,5.0,3.0,5.0,7.0,4.0,4.0,5.0,6.0,4.0,5.0,State Amateur Qualifying-Dist. #4  - Michael Bielawski Scorecard | WSGA,https://wsga.bluegolf.com/bluegolf/wsga12/event/wsga1243/contest/1/contestant/7939/scorecard.htm
4.0,5.0,6.0,9.0,3.0,4.0,5.0,4.0,5.0,4.0,4.0,5.0,4.0,4.0,5.0,8.0,4.0,5.0,State Amateur Qualifying-Dist. #4  - Dugan Hettich Scorecard | WSGA,https://wsga.bluegolf.com/bluegolf/wsga12/event/wsga1243/contest/1/contestant/7924/scorecard.htm
5.0,4.0,7.0,7.0,3.0,4.0,4.0,5.0,5.0,3.0,5.0,6.0,4.0,5.0,6.0,5.0,5.0,5.0,State Amateur Qualifying-Dist. #4  - T. J. Klement Scorecard | WSGA,https://wsga.bluegolf.com/bluegolf/wsga12/event/wsga1243/contest/1/contestant/7781/scorecard.htm
4.0,3.0,5.0,7.0,4.0,8.0,5.0,5.0,5.0,4.0,5.0,4.0,4.0,6.0,6.0,4.0,4.0,6.0,State Amateur Qualifying-Dist. #4  - Brian Tenpass Scorecard | WSGA,https://wsga.bluegolf.com/bluegolf/wsga12/event/wsga1243/contest/1/contestant/7730/scorecard.htm
5.0,3.0,5.0,6.0,4.0,5.0,4.0,5.0,6.0,3.0,4.0,5.0,4.0,8.0,5.0,6.0,3.0,8.0,State Amateur Qualifying-Dist. #4  - Aaron Burke Scorecard | WSGA,https://wsga.bluegolf.com/bluegolf/wsga12/event/wsga1243/contest/1/contestant/7880/scorecard.htm
5.0,3.0,7.0,5.0,4.0,6.0,4.0,5.0,6.0,4.0,6.0,5.0,5.0,6.0,4.0,6.0,3.0,6.0,State Amateur Qualifying-Dist. #4  - Travis Erickson Scorecard | WSGA,https://wsga.bluegolf.com/bluegolf/wsga12/event/wsga1243/contest/1/contestant/7927/scorecard.htm
7.0,4.0,6.0,7.0,4.0,5.0,4.0,4.0,5.0,3.0,7.0,6.0,4.0,6.0,5.0,5.0,3.0,5.0,State Amateur Qualifying-Dist. #4  - Clint Carey Scorecard | WSGA,https://wsga.bluegolf.com/bluegolf/wsga12/event/wsga1243/contest/1/contestant/7766/scorecard.htm
5.0,4.0,6.0,7.0,4.0,7.0,4.0,4.0,5.0,3.0,6.0,7.0,5.0,4.0,5.0,4.0,5.0,5.0,State Amateur Qualifying-Dist. #4  - Alex Schremp Scorecard | WSGA,https://wsga.bluegolf.com/bluegolf/wsga12/event/wsga1243/contest/1/contestant/7835/scorecard.htm
8.0,4.0,4.0,6.0,3.0,5.0,4.0,5.0,8.0,4.0,5.0,5.0,3.0,8.0,4.0,4.0,5.0,9.0,State Amateur Qualifying-Dist. #4  - Adam Reierson Scorecard | WSGA,https://wsga.bluegolf.com/bluegolf/wsga12/event/wsga1243/contest/1/contestant/7787/scorecard.htm
6.0,5.0,7.0,7.0,4.0,6.0,4.0,5.0,5.0,3.0,8.0,5.0,4.0,8.0,4.0,5.0,4.0,6.0,State Amateur Qualifying-Dist. #4  - Shane Andree Scorecard | WSGA,https://wsga.bluegolf.com/bluegolf/wsga12/event/wsga1243/contest/1/contestant/7684/scorecard.htm
9.0,7.0,6.0,7.0,5.0,7.0,4.0,5.0,6.0,5.0,6.0,5.0,5.0,4.0,4.0,5.0,4.0,7.0,State Amateur Qualifying-Dist. #4  - Terry Schilz Scorecard | WSGA,https://wsga.bluegolf.com/bluegolf/wsga12/event/wsga1243/contest/1/contestant/7895/scorecard.htm
